time,wx,wy,wz
2024-11-04T13:10:24.107Z,0.0041,-0.0257,0.0029
2024-11-04T13:10:24.117Z,0.0452,-0.0189,-0.0008
2024-11-04T13:10:24.127Z,0.0419,0.0148,0.0009
2024-11-04T13:10:24.137Z,0.0072,0.041,0.0041
2024-11-04T13:10:24.147Z,-0.0282,0.0387,0.0057
2024-11-04T13:10:24.157Z,-0.0413,0.0172,0.0056
2024-11-04T13:10:24.167Z,-0.0315,-0.0017,0.0048
2024-11-04T13:10:24.177Z,-0.0109,-0.0055,0.0018
2024-11-04T13:10:24.187Z,0.0053,0.0037,0.0024
2024-11-04T13:10:24.197Z,0.0101,0.0197,0.0029
2024-11-04T13:10:24.207Z,0.0064,0.028,0.0058
2024-11-04T13:10:24.217Z,-0.0024,0.0223,0.0045
2024-11-04T13:10:24.227Z,-0.0086,0.0084,0.0036
2024-11-04T13:10:24.237Z,-0.0107,-0.0008,0.0041
2024-11-04T13:10:24.247Z,-0.0114,0.0022,0.0037
2024-11-04T13:10:24.257Z,-0.0045,0.0109,0.0041
2024-11-04T13:10:24.267Z,0.0009,0.0182,0.0054
2024-11-04T13:10:24.277Z,0.009,0.0179,0.0042
2024-11-04T13:10:24.287Z,0.0061,0.0119,0.005
2024-11-04T13:10:24.297Z,-0.0015,0.0068,0.0034
2024-11-04T13:10:24.307Z,-0.0086,0.0059,0.003
2024-11-04T13:10:24.317Z,-0.0086,0.0108,0.0049
2024-11-04T13:10:24.327Z,-0.0072,0.0175,0.005
2024-11-04T13:10:24.337Z,-0.0006,0.015,0.0024
2024-11-04T13:10:24.347Z,0.0012,0.0148,0.0027
2024-11-04T13:10:24.358Z,0.0001,0.0088,0.0046
2024-11-04T13:10:24.368Z,-0.0033,0.0105,0.0051
2024-11-04T13:10:24.377Z,-0.0059,0.0098,0.0024
2024-11-04T13:10:24.388Z,-0.0082,0.0158,0.0032
2024-11-04T13:10:24.397Z,-0.0055,0.0174,0.0022
2024-11-04T13:10:24.408Z,-0.007,0.0149,0.0027
2024-11-04T13:10:24.418Z,-0.0079,0.0127,0.0022
2024-11-04T13:10:24.427Z,-0.0057,0.0107,0.0024
2024-11-04T13:10:24.438Z,-0.004,0.0089,0.0046
2024-11-04T13:10:24.447Z,0.0026,0.008,0.0072
2024-11-04T13:10:24.457Z,0.0051,0.0114,0.0041
2024-11-04T13:10:24.467Z,0.005,0.015,0.0046
2024-11-04T13:10:24.477Z,-0.0004,0.0132,0.0026
2024-11-04T13:10:24.486Z,-0.0055,0.0114,0.0019
2024-11-04T13:10:24.497Z,-0.0069,0.0101,0.002
2024-11-04T13:10:24.508Z,-0.0067,0.0096,0.0008
2024-11-04T13:10:24.517Z,-0.0019,0.0118,0.0037
2024-11-04T13:10:24.527Z,0.0005,0.011,0.0038
2024-11-04T13:10:24.537Z,0.0051,0.0104,0.0039
2024-11-04T13:10:24.548Z,0.0057,0.0107,0.0055
2024-11-04T13:10:24.558Z,0.0045,0.0099,0.0013
2024-11-04T13:10:24.567Z,-0.0013,0.0077,0.0052
2024-11-04T13:10:24.577Z,0.002,0.0089,0.0031
2024-11-04T13:10:24.587Z,0.0016,0.0098,0.004
2024-11-04T13:10:24.597Z,0.0008,0.008,0.003
2024-11-04T13:10:24.607Z,0.0035,0.0115,0.0052
2024-11-04T13:10:24.617Z,0.0032,0.0099,0.0043
2024-11-04T13:10:24.627Z,0.0018,0.0082,0.0032
2024-11-04T13:10:24.637Z,0.0006,0.0076,0.0042
2024-11-04T13:10:24.648Z,0.0036,0.0089,0.0048
2024-11-04T13:10:24.657Z,0.0029,0.0095,0.0028
2024-11-04T13:10:24.667Z,0.0046,0.0094,0.0028
2024-11-04T13:10:24.677Z,0.0025,0.0089,0.0053
2024-11-04T13:10:24.688Z,0.0051,0.008,0.0035
2024-11-04T13:10:24.697Z,0.0033,0.0105,0.0032
2024-11-04T13:10:24.708Z,0.0018,0.0075,0.0034
2024-11-04T13:10:24.717Z,0.0042,0.0087,0.005
2024-11-04T13:10:24.727Z,0.0008,0.0101,0.0032
2024-11-04T13:10:24.738Z,0.0023,0.0104,0.0049
2024-11-04T13:10:24.747Z,0.0023,0.011,0.0039
2024-11-04T13:10:24.757Z,0.0019,0.0097,0.0046
2024-11-04T13:10:24.767Z,0.0008,0.0087,0.0034
2024-11-04T13:10:24.777Z,0.0034,0.0098,0.0031
2024-11-04T13:10:24.787Z,0.0041,0.0094,0.0047
2024-11-04T13:10:24.797Z,0.0022,0.0097,0.0034
2024-11-04T13:10:24.808Z,0.0023,0.0068,0.0037
2024-11-04T13:10:24.819Z,0.0033,0.0081,0.0054
2024-11-04T13:10:24.827Z,0.0027,0.0106,0.0055
2024-11-04T13:10:24.838Z,0.0024,0.0108,0.0043
2024-11-04T13:10:24.849Z,0.0024,0.0085,0.0042
2024-11-04T13:10:24.857Z,0.0025,0.01,0.0035
2024-11-04T13:10:24.867Z,0.0016,0.0108,0.0039
2024-11-04T13:10:24.877Z,0.0031,0.01,0.0059
2024-11-04T13:10:24.887Z,0.0029,0.0086,0.0043
2024-11-04T13:10:24.897Z,0.0059,0.009,0.0035
2024-11-04T13:10:24.907Z,0.0029,0.0084,0.0027
2024-11-04T13:10:24.918Z,0.004,0.0089,0.0032
2024-11-04T13:10:24.927Z,0.0021,0.0101,0.0037
2024-11-04T13:10:24.937Z,0.0039,0.0072,0.0031
2024-11-04T13:10:24.947Z,0.0029,0.0064,0.0029
2024-11-04T13:10:24.958Z,0.004,0.0075,0.0052
2024-11-04T13:10:24.968Z,0.0039,0.0095,0.0049
2024-11-04T13:10:24.977Z,0.0028,0.0091,0.0041
2024-11-04T13:10:24.987Z,0.0055,0.0091,0.0043
2024-11-04T13:10:24.998Z,0.0055,0.0099,0.0035
2024-11-04T13:10:25.007Z,0.0028,0.009,0.0031
2024-11-04T13:10:25.017Z,0.0028,0.0074,0.0049
2024-11-04T13:10:25.027Z,0.0019,0.0096,0.0038
2024-11-04T13:10:25.038Z,0.0042,0.007,0.0021
2024-11-04T13:10:25.047Z,0.0023,0.0091,0.0046
2024-11-04T13:10:25.058Z,0.0031,0.0082,0.0058
2024-11-04T13:10:25.068Z,0.004,0.0089,0.0057
2024-11-04T13:10:25.077Z,0.005,0.0078,0.0046
2024-11-04T13:10:25.088Z,0.0053,0.0093,0.005
2024-11-04T13:10:25.097Z,0.0051,0.0098,0.0068
2024-11-04T13:10:25.107Z,0.0033,0.011,0.0038
2024-11-04T13:10:25.117Z,0.0059,0.0087,0.0052
2024-11-04T13:10:25.127Z,0.0029,0.0075,0.0006
2024-11-04T13:10:25.137Z,0.003,0.0094,0.0031
2024-11-04T13:10:25.148Z,0.0054,0.0076,0.0053
2024-11-04T13:10:25.157Z,0.002,0.0107,0.0046
2024-11-04T13:10:25.167Z,0.0039,0.0089,0.0016
2024-11-04T13:10:25.177Z,0.001,0.011,0.0019
2024-11-04T13:10:25.187Z,0.0049,0.0096,0.0054
2024-11-04T13:10:25.197Z,0.0027,0.0083,0.0051
2024-11-04T13:10:25.207Z,0.0034,0.0084,0.0029
2024-11-04T13:10:25.217Z,0.0035,0.0092,0.0058
2024-11-04T13:10:25.227Z,0.0042,0.0098,0.0048
2024-11-04T13:10:25.238Z,0.0035,0.0069,0.0045
2024-11-04T13:10:25.247Z,0.004,0.0075,0.0035
2024-11-04T13:10:25.257Z,0.0033,0.0098,0.0067
2024-11-04T13:10:25.268Z,0.0031,0.0105,0.0031
2024-11-04T13:10:25.277Z,0.0028,0.0088,0.0046
2024-11-04T13:10:25.287Z,0.0032,0.0072,0.0043
2024-11-04T13:10:25.299Z,0.0039,0.0093,0.0043
2024-11-04T13:10:25.307Z,0.0047,0.0081,0.0023
2024-11-04T13:10:25.317Z,0.0022,0.009,0.0043
2024-11-04T13:10:25.327Z,0.0025,0.0086,0.0044
2024-11-04T13:10:25.337Z,0.0041,0.0081,0.0038
2024-11-04T13:10:25.347Z,0.0031,0.01,0.0047
2024-11-04T13:10:25.358Z,0.0032,0.009,0.0039
2024-11-04T13:10:25.367Z,0.0033,0.0112,0.0034
2024-11-04T13:10:25.377Z,0.0047,0.0076,0.0035
2024-11-04T13:10:25.388Z,0.0036,0.0051,0.0037
2024-11-04T13:10:25.397Z,0.0056,0.0086,0.0035
2024-11-04T13:10:25.408Z,0.0041,0.0111,0.0057
2024-11-04T13:10:25.418Z,0.004,0.0096,0.0058
2024-11-04T13:10:25.427Z,0.0044,0.0095,0.0027
2024-11-04T13:10:25.437Z,0.0018,0.0078,0.0031
2024-11-04T13:10:25.448Z,0.0042,0.0084,0.0044
2024-11-04T13:10:25.457Z,0.0045,0.0107,0.0041
2024-11-04T13:10:25.467Z,0.0033,0.0092,0.0039
2024-11-04T13:10:25.477Z,0.0031,0.008,0.0031
2024-11-04T13:10:25.487Z,0.0047,0.0084,0.003
2024-11-04T13:10:25.497Z,0.0031,0.0083,0.0037
2024-11-04T13:10:25.508Z,0.0035,0.008,0.004
2024-11-04T13:10:25.517Z,0.0022,0.01,0.0021
2024-11-04T13:10:25.527Z,0.003,0.0093,0.0068
2024-11-04T13:10:25.538Z,0.0019,0.0085,0.0033
2024-11-04T13:10:25.547Z,0.0044,0.0096,0.0035
2024-11-04T13:10:25.557Z,0.0036,0.0073,0.0018
2024-11-04T13:10:25.567Z,0.0038,0.008,0.0028
2024-11-04T13:10:25.577Z,0.0031,0.0073,0.0029
2024-11-04T13:10:25.587Z,0.0025,0.0106,0.0038
2024-11-04T13:10:25.597Z,0.0036,0.0112,0.0052
2024-11-04T13:10:25.607Z,0.0044,0.0068,0.0039
2024-11-04T13:10:25.617Z,0.0043,0.0067,0.0046
2024-11-04T13:10:25.627Z,0.0032,0.0094,0.001
2024-11-04T13:10:25.637Z,0.0016,0.0076,0.0059
2024-11-04T13:10:25.647Z,0.0028,0.0082,0.0059
2024-11-04T13:10:25.657Z,0.0044,0.0077,0.0038
2024-11-04T13:10:25.668Z,0.0042,0.0079,0.0038
2024-11-04T13:10:25.677Z,0.0046,0.0069,0.006
2024-11-04T13:10:25.687Z,0.0053,0.0104,0.0035
2024-11-04T13:10:25.697Z,0.0042,0.0089,0.0039
2024-11-04T13:10:25.707Z,0.0016,0.0084,0.0039
2024-11-04T13:10:25.717Z,0.0032,0.0087,0.0035
2024-11-04T13:10:25.727Z,0.0019,0.0084,0.0048
2024-11-04T13:10:25.738Z,0.0042,0.0097,0.0059
2024-11-04T13:10:25.748Z,0.0047,0.0071,0.0033
2024-11-04T13:10:25.757Z,0.004,0.008,0.004
2024-11-04T13:10:25.767Z,0.0031,0.0073,0.0031
2024-11-04T13:10:25.778Z,0.0017,0.0073,0.0032
2024-11-04T13:10:25.788Z,0.0046,0.0097,0.0053
2024-11-04T13:10:25.798Z,0.0016,0.0077,0.0044
2024-11-04T13:10:25.808Z,0.0047,0.0077,0.0045
2024-11-04T13:10:25.817Z,0.0011,0.0096,0.0012
2024-11-04T13:10:25.827Z,0.0031,0.0055,0.0047
2024-11-04T13:10:25.838Z,0.0033,0.0063,0.0058
2024-11-04T13:10:25.847Z,0.0068,0.0013,0.0059
2024-11-04T13:10:25.857Z,0.0064,-0.0023,0.0098
2024-11-04T13:10:25.869Z,0.0078,-0.0021,0.0071
2024-11-04T13:10:25.877Z,0.0071,0.0017,0.0062
2024-11-04T13:10:25.887Z,0.0088,0.0037,0.0069
2024-11-04T13:10:25.898Z,0.0099,0.0062,0.0076
2024-11-04T13:10:25.908Z,0.004,0.0054,0.0062
2024-11-04T13:10:25.917Z,0.0017,0.0071,0.0086
2024-11-04T13:10:25.928Z,0.0009,0.0166,0.0074
2024-11-04T13:10:25.937Z,0.0039,0.0284,0.0125
2024-11-04T13:10:25.947Z,0.0082,0.0257,0.0143
2024-11-04T13:10:25.957Z,0.0154,0.0188,0.0132
2024-11-04T13:10:25.968Z,0.0177,0.0092,0.011
2024-11-04T13:10:25.977Z,0.013,0.0067,0.0097
2024-11-04T13:10:25.988Z,0.0074,0.0173,0.0105
2024-11-04T13:10:25.997Z,0.0021,0.0246,0.0127
2024-11-04T13:10:26.007Z,0.0005,0.0302,0.0129
2024-11-04T13:10:26.018Z,0.0089,0.0279,0.0121
2024-11-04T13:10:26.027Z,0.0172,0.0181,0.0131
2024-11-04T13:10:26.038Z,0.0245,0.0091,0.0095
2024-11-04T13:10:26.049Z,0.0281,0.0049,0.0108
2024-11-04T13:10:26.057Z,0.0257,0.0051,0.0109
2024-11-04T13:10:26.067Z,0.0181,0.0162,0.0109
2024-11-04T13:10:26.077Z,0.0107,0.0316,0.0132
2024-11-04T13:10:26.088Z,0.0088,0.0527,0.0152
2024-11-04T13:10:26.098Z,0.0102,0.0664,0.0164
2024-11-04T13:10:26.108Z,0.0115,0.0608,0.0149
2024-11-04T13:10:26.118Z,0.0156,0.0458,0.0118
2024-11-04T13:10:26.127Z,0.0156,0.0322,0.0146
2024-11-04T13:10:26.138Z,0.0142,0.0197,0.0117
2024-11-04T13:10:26.149Z,0.0139,0.0127,0.0107
2024-11-04T13:10:26.158Z,0.0116,0.0023,0.0083
2024-11-04T13:10:26.169Z,0.0113,0.0008,0.0075
2024-11-04T13:10:26.177Z,0.0063,0.0194,0.0087
2024-11-04T13:10:26.188Z,0.0018,0.0474,0.0129
2024-11-04T13:10:26.198Z,0.0019,0.0768,0.0155
2024-11-04T13:10:26.208Z,0.005,0.0927,0.012
2024-11-04T13:10:26.218Z,0.0137,0.0991,0.0114
2024-11-04T13:10:26.227Z,0.0202,0.0776,0.0092
2024-11-04T13:10:26.238Z,0.0209,0.0619,0.0131
2024-11-04T13:10:26.248Z,0.0201,0.0549,0.0147
2024-11-04T13:10:26.258Z,0.0138,0.041,0.0128
2024-11-04T13:10:26.266Z,0.0027,0.0276,0.014
2024-11-04T13:10:26.278Z,-0.0147,0.0301,0.0136
2024-11-04T13:10:26.288Z,-0.0284,0.0494,0.0231
2024-11-04T13:10:26.297Z,-0.0372,0.0852,0.0295
2024-11-04T13:10:26.307Z,-0.0335,0.1054,0.0325
2024-11-04T13:10:26.318Z,-0.0318,0.0623,0.0223
2024-11-04T13:10:26.327Z,-0.0259,-0.0428,0.0144
2024-11-04T13:10:26.337Z,-0.036,-0.1401,0.021
2024-11-04T13:10:26.348Z,-0.0588,-0.1375,0.0296
2024-11-04T13:10:26.358Z,-0.0873,-0.0462,0.0261
2024-11-04T13:10:26.367Z,-0.1063,0.077,0.0276
2024-11-04T13:10:26.377Z,-0.1162,0.158,0.0316
2024-11-04T13:10:26.387Z,-0.1055,0.1797,0.0345
2024-11-04T13:10:26.397Z,-0.0992,0.1157,0.0349
2024-11-04T13:10:26.408Z,-0.1114,0.019,0.0344
2024-11-04T13:10:26.417Z,-0.1471,-0.0701,0.0415
2024-11-04T13:10:26.427Z,-0.2021,-0.1009,0.062
2024-11-04T13:10:26.438Z,-0.2606,-0.0808,0.093
2024-11-04T13:10:26.447Z,-0.3169,-0.035,0.1369
2024-11-04T13:10:26.457Z,-0.3533,0.0216,0.1921
2024-11-04T13:10:26.468Z,-0.3744,0.0357,0.229
2024-11-04T13:10:26.477Z,-0.3899,0.0141,0.2364
2024-11-04T13:10:26.487Z,-0.4038,-0.0143,0.1982
2024-11-04T13:10:26.498Z,-0.429,-0.0593,0.1301
2024-11-04T13:10:26.507Z,-0.4626,-0.1066,0.0468
2024-11-04T13:10:26.517Z,-0.4964,-0.1766,-0.0261
2024-11-04T13:10:26.528Z,-0.527,-0.2673,-0.0721
2024-11-04T13:10:26.537Z,-0.5268,-0.3522,-0.1057
2024-11-04T13:10:26.547Z,-0.4959,-0.383,-0.1308
2024-11-04T13:10:26.558Z,-0.434,-0.3607,-0.1555
2024-11-04T13:10:26.568Z,-0.3416,-0.3168,-0.1761
2024-11-04T13:10:26.577Z,-0.2355,-0.2828,-0.1807
2024-11-04T13:10:26.588Z,-0.1294,-0.252,-0.1705
2024-11-04T13:10:26.597Z,-0.0115,-0.2426,-0.1468
2024-11-04T13:10:26.607Z,0.1078,-0.2571,-0.1382
2024-11-04T13:10:26.618Z,0.224,-0.2862,-0.1592
2024-11-04T13:10:26.626Z,0.326,-0.3306,-0.207
2024-11-04T13:10:26.637Z,0.4119,-0.3489,-0.2573
2024-11-04T13:10:26.647Z,0.4745,-0.3415,-0.3011
2024-11-04T13:10:26.657Z,0.5189,-0.3032,-0.3306
2024-11-04T13:10:26.667Z,0.5515,-0.2331,-0.3491
2024-11-04T13:10:26.677Z,0.5671,-0.1812,-0.3737
2024-11-04T13:10:26.687Z,0.573,-0.1318,-0.4183
2024-11-04T13:10:26.697Z,0.5624,-0.0816,-0.477
2024-11-04T13:10:26.707Z,0.5299,-0.0454,-0.5554
2024-11-04T13:10:26.717Z,0.4832,0.0036,-0.6237
2024-11-04T13:10:26.726Z,0.4294,0.0773,-0.6726
2024-11-04T13:10:26.737Z,0.3701,0.1429,-0.707
2024-11-04T13:10:26.747Z,0.3069,0.1906,-0.7412
2024-11-04T13:10:26.756Z,0.2506,0.2265,-0.7798
2024-11-04T13:10:26.767Z,0.1998,0.2677,-0.8258
2024-11-04T13:10:26.777Z,0.1568,0.3184,-0.8687
2024-11-04T13:10:26.787Z,0.1322,0.3628,-0.9178
2024-11-04T13:10:26.797Z,0.1349,0.386,-0.9674
2024-11-04T13:10:26.807Z,0.1571,0.3944,-1.0178
2024-11-04T13:10:26.817Z,0.2033,0.375,-1.0707
2024-11-04T13:10:26.826Z,0.2473,0.3389,-1.1302
2024-11-04T13:10:26.837Z,0.294,0.3187,-1.2025
2024-11-04T13:10:26.847Z,0.3348,0.3198,-1.3028
2024-11-04T13:10:26.857Z,0.3675,0.3443,-1.4058
2024-11-04T13:10:26.867Z,0.3863,0.4115,-1.5047
2024-11-04T13:10:26.876Z,0.3967,0.4943,-1.595
2024-11-04T13:10:26.887Z,0.3987,0.5779,-1.6725
2024-11-04T13:10:26.897Z,0.3999,0.6645,-1.7291
2024-11-04T13:10:26.907Z,0.397,0.7298,-1.7732
2024-11-04T13:10:26.917Z,0.3982,0.7673,-1.8149
2024-11-04T13:10:26.926Z,0.3989,0.7839,-1.8599
2024-11-04T13:10:26.937Z,0.3901,0.8086,-1.9109
2024-11-04T13:10:26.947Z,0.3749,0.8281,-1.9484
2024-11-04T13:10:26.957Z,0.3584,0.8444,-1.9728
2024-11-04T13:10:26.967Z,0.3493,0.8448,-1.9653
2024-11-04T13:10:26.976Z,0.3527,0.8235,-1.9229
2024-11-04T13:10:26.987Z,0.3698,0.7898,-1.8573
2024-11-04T13:10:26.997Z,0.3956,0.772,-1.7939
2024-11-04T13:10:27.007Z,0.4263,0.7888,-1.7389
2024-11-04T13:10:27.017Z,0.4613,0.8129,-1.7057
2024-11-04T13:10:27.026Z,0.4994,0.8194,-1.6856
2024-11-04T13:10:27.037Z,0.5347,0.7844,-1.678
2024-11-04T13:10:27.047Z,0.564,0.7054,-1.6713
2024-11-04T13:10:27.057Z,0.5825,0.595,-1.6585
2024-11-04T13:10:27.067Z,0.579,0.4861,-1.639
2024-11-04T13:10:27.076Z,0.5682,0.3884,-1.6176
2024-11-04T13:10:27.087Z,0.5447,0.3246,-1.5933
2024-11-04T13:10:27.097Z,0.5233,0.3151,-1.5772
2024-11-04T13:10:27.107Z,0.5092,0.3335,-1.5725
2024-11-04T13:10:27.117Z,0.5134,0.3531,-1.5651
2024-11-04T13:10:27.126Z,0.5298,0.3517,-1.5576
2024-11-04T13:10:27.137Z,0.5531,0.3244,-1.5459
2024-11-04T13:10:27.147Z,0.5745,0.2673,-1.5343
2024-11-04T13:10:27.157Z,0.5902,0.1917,-1.5187
2024-11-04T13:10:27.167Z,0.5821,0.0986,-1.5036
2024-11-04T13:10:27.176Z,0.5497,0.0068,-1.4785
2024-11-04T13:10:27.187Z,0.5036,-0.0454,-1.4461
2024-11-04T13:10:27.197Z,0.4611,-0.0691,-1.4155
2024-11-04T13:10:27.207Z,0.4244,-0.0744,-1.3887
2024-11-04T13:10:27.217Z,0.405,-0.0696,-1.378
2024-11-04T13:10:27.226Z,0.3933,-0.0683,-1.3794
2024-11-04T13:10:27.237Z,0.399,-0.0651,-1.3884
2024-11-04T13:10:27.247Z,0.4092,-0.0704,-1.3954
2024-11-04T13:10:27.257Z,0.4251,-0.0723,-1.3945
2024-11-04T13:10:27.267Z,0.4409,-0.0676,-1.3774
2024-11-04T13:10:27.276Z,0.4413,-0.0581,-1.3359
2024-11-04T13:10:27.287Z,0.4373,-0.0396,-1.277
2024-11-04T13:10:27.297Z,0.4225,-0.0188,-1.2124
2024-11-04T13:10:27.306Z,0.4064,0.014,-1.1472
2024-11-04T13:10:27.317Z,0.3884,0.0522,-1.0837
2024-11-04T13:10:27.326Z,0.3753,0.0815,-1.0369
2024-11-04T13:10:27.337Z,0.3626,0.1161,-1.0007
2024-11-04T13:10:27.347Z,0.3558,0.1478,-0.9781
2024-11-04T13:10:27.357Z,0.344,0.1757,-0.9601
2024-11-04T13:10:27.367Z,0.3379,0.201,-0.9381
2024-11-04T13:10:27.376Z,0.3338,0.232,-0.9171
2024-11-04T13:10:27.387Z,0.329,0.2615,-0.8991
2024-11-04T13:10:27.397Z,0.3166,0.2946,-0.8911
2024-11-04T13:10:27.407Z,0.3031,0.3193,-0.9045
2024-11-04T13:10:27.417Z,0.2842,0.3622,-0.9336
2024-11-04T13:10:27.426Z,0.2715,0.4024,-0.9758
2024-11-04T13:10:27.437Z,0.2686,0.4375,-1.0212
2024-11-04T13:10:27.447Z,0.2795,0.4499,-1.0523
2024-11-04T13:10:27.457Z,0.3055,0.47,-1.0692
2024-11-04T13:10:27.467Z,0.3405,0.4873,-1.0879
2024-11-04T13:10:27.476Z,0.3772,0.4864,-1.118
2024-11-04T13:10:27.487Z,0.3971,0.4635,-1.1545
2024-11-04T13:10:27.497Z,0.4132,0.45,-1.1914
2024-11-04T13:10:27.507Z,0.4207,0.4672,-1.2106
2024-11-04T13:10:27.517Z,0.4146,0.4988,-1.2144
2024-11-04T13:10:27.526Z,0.4034,0.5108,-1.2146
2024-11-04T13:10:27.537Z,0.3762,0.5116,-1.212
2024-11-04T13:10:27.547Z,0.3437,0.4976,-1.2018
2024-11-04T13:10:27.557Z,0.308,0.4647,-1.1858
2024-11-04T13:10:27.567Z,0.2718,0.4231,-1.1723
2024-11-04T13:10:27.576Z,0.2377,0.3901,-1.1622
2024-11-04T13:10:27.587Z,0.2043,0.3683,-1.1585
2024-11-04T13:10:27.596Z,0.1674,0.3326,-1.1666
2024-11-04T13:10:27.607Z,0.1304,0.3061,-1.1684
2024-11-04T13:10:27.617Z,0.0878,0.2722,-1.1563
2024-11-04T13:10:27.626Z,0.0365,0.2314,-1.1356
2024-11-04T13:10:27.637Z,-0.0163,0.1897,-1.1178
2024-11-04T13:10:27.647Z,-0.067,0.1454,-1.1034
2024-11-04T13:10:27.657Z,-0.1046,0.0939,-1.1052
2024-11-04T13:10:27.667Z,-0.1289,0.0335,-1.1067
2024-11-04T13:10:27.676Z,-0.1367,-0.0333,-1.1025
2024-11-04T13:10:27.687Z,-0.1216,-0.1183,-1.0794
2024-11-04T13:10:27.697Z,-0.0934,-0.2079,-1.0461
2024-11-04T13:10:27.707Z,-0.0525,-0.2876,-1.0136
2024-11-04T13:10:27.717Z,-0.0033,-0.3508,-0.9955
2024-11-04T13:10:27.726Z,0.0396,-0.3932,-0.9944
2024-11-04T13:10:27.737Z,0.0749,-0.4177,-1.0039
2024-11-04T13:10:27.747Z,0.0969,-0.4303,-1.0007
2024-11-04T13:10:27.757Z,0.1081,-0.4469,-0.9616
2024-11-04T13:10:27.767Z,0.1198,-0.4609,-0.8878
2024-11-04T13:10:27.776Z,0.1285,-0.4562,-0.7934
2024-11-04T13:10:27.787Z,0.1422,-0.454,-0.7045
2024-11-04T13:10:27.797Z,0.1557,-0.453,-0.6429
2024-11-04T13:10:27.807Z,0.1749,-0.4534,-0.6096
2024-11-04T13:10:27.817Z,0.1891,-0.4385,-0.5988
2024-11-04T13:10:27.826Z,0.2046,-0.4108,-0.5931
2024-11-04T13:10:27.837Z,0.2158,-0.3526,-0.5942
2024-11-04T13:10:27.847Z,0.2214,-0.301,-0.5854
2024-11-04T13:10:27.857Z,0.2224,-0.2515,-0.569
2024-11-04T13:10:27.867Z,0.219,-0.2113,-0.5544
2024-11-04T13:10:27.876Z,0.2098,-0.1762,-0.5435
2024-11-04T13:10:27.887Z,0.1979,-0.1362,-0.5392
2024-11-04T13:10:27.897Z,0.1828,-0.1035,-0.5432
2024-11-04T13:10:27.907Z,0.1642,-0.0692,-0.5481
2024-11-04T13:10:27.917Z,0.1409,-0.0372,-0.5453
2024-11-04T13:10:27.926Z,0.1051,-0.0235,-0.5412
2024-11-04T13:10:27.937Z,0.0649,-0.0334,-0.5423
2024-11-04T13:10:27.947Z,0.0144,-0.0598,-0.5438
2024-11-04T13:10:27.957Z,-0.0316,-0.1091,-0.5509
2024-11-04T13:10:27.967Z,-0.0779,-0.1531,-0.5463
2024-11-04T13:10:27.976Z,-0.1003,-0.2191,-0.538
2024-11-04T13:10:27.987Z,-0.1058,-0.2854,-0.5226
2024-11-04T13:10:27.997Z,-0.0854,-0.3209,-0.5
2024-11-04T13:10:28.007Z,-0.0518,-0.3443,-0.4786
2024-11-04T13:10:28.017Z,-0.0179,-0.3683,-0.4576
2024-11-04T13:10:28.027Z,0.018,-0.3828,-0.4383
2024-11-04T13:10:28.037Z,0.0501,-0.3939,-0.4159
2024-11-04T13:10:28.047Z,0.0815,-0.3961,-0.3933
2024-11-04T13:10:28.057Z,0.115,-0.4087,-0.3739
2024-11-04T13:10:28.067Z,0.1542,-0.4337,-0.3592
2024-11-04T13:10:28.077Z,0.1918,-0.4658,-0.3529
2024-11-04T13:10:28.087Z,0.2371,-0.5117,-0.3503
2024-11-04T13:10:28.097Z,0.2803,-0.5594,-0.3415
2024-11-04T13:10:28.107Z,0.3234,-0.6071,-0.3264
2024-11-04T13:10:28.117Z,0.3512,-0.657,-0.3004
2024-11-04T13:10:28.126Z,0.3597,-0.6976,-0.2702
2024-11-04T13:10:28.137Z,0.353,-0.736,-0.2313
2024-11-04T13:10:28.148Z,0.3231,-0.7849,-0.1919
2024-11-04T13:10:28.157Z,0.2815,-0.8545,-0.1551
2024-11-04T13:10:28.168Z,0.2326,-0.922,-0.1211
2024-11-04T13:10:28.177Z,0.1838,-0.9942,-0.0997
2024-11-04T13:10:28.188Z,0.1512,-1.0383,-0.0782
2024-11-04T13:10:28.198Z,0.1312,-1.065,-0.0607
2024-11-04T13:10:28.208Z,0.1249,-1.0982,-0.0584
2024-11-04T13:10:28.220Z,0.1274,-1.1271,-0.0708
2024-11-04T13:10:28.227Z,0.1348,-1.1417,-0.0927
2024-11-04T13:10:28.238Z,0.1457,-1.1413,-0.1082
2024-11-04T13:10:28.248Z,0.1576,-1.1251,-0.1091
2024-11-04T13:10:28.258Z,0.1728,-1.0925,-0.0998
2024-11-04T13:10:28.268Z,0.1898,-1.0804,-0.0963
2024-11-04T13:10:28.277Z,0.218,-1.0625,-0.1074
2024-11-04T13:10:28.288Z,0.2415,-1.0508,-0.1334
2024-11-04T13:10:28.298Z,0.2654,-1.0507,-0.1613
2024-11-04T13:10:28.308Z,0.2942,-1.0485,-0.1813
2024-11-04T13:10:28.318Z,0.3282,-1.0265,-0.1847
2024-11-04T13:10:28.327Z,0.3641,-0.9911,-0.1834
2024-11-04T13:10:28.337Z,0.4107,-0.9592,-0.186
2024-11-04T13:10:28.349Z,0.4528,-0.9343,-0.2048
2024-11-04T13:10:28.357Z,0.4797,-0.8864,-0.2287
2024-11-04T13:10:28.367Z,0.4837,-0.8064,-0.2608
2024-11-04T13:10:28.377Z,0.4513,-0.7147,-0.3029
2024-11-04T13:10:28.387Z,0.398,-0.6322,-0.3566
2024-11-04T13:10:28.397Z,0.3322,-0.5448,-0.4098
2024-11-04T13:10:28.409Z,0.2828,-0.4466,-0.4475
2024-11-04T13:10:28.417Z,0.2651,-0.3415,-0.4691
2024-11-04T13:10:28.427Z,0.2841,-0.2349,-0.48
2024-11-04T13:10:28.438Z,0.3277,-0.1369,-0.4868
2024-11-04T13:10:28.447Z,0.3859,-0.0617,-0.4932
2024-11-04T13:10:28.457Z,0.4497,-0.0198,-0.5042
2024-11-04T13:10:28.468Z,0.5091,-0.0053,-0.5097
2024-11-04T13:10:28.477Z,0.5592,-0.0216,-0.495
2024-11-04T13:10:28.488Z,0.623,-0.0582,-0.4729
2024-11-04T13:10:28.497Z,0.6855,-0.0979,-0.4392
2024-11-04T13:10:28.507Z,0.749,-0.1298,-0.4042
2024-11-04T13:10:28.517Z,0.8135,-0.1547,-0.382
2024-11-04T13:10:28.527Z,0.868,-0.1681,-0.3793
2024-11-04T13:10:28.537Z,0.91,-0.1711,-0.3648
2024-11-04T13:10:28.547Z,0.9224,-0.1643,-0.3262
2024-11-04T13:10:28.557Z,0.912,-0.1638,-0.2811
2024-11-04T13:10:28.567Z,0.8878,-0.1709,-0.2337
2024-11-04T13:10:28.576Z,0.8528,-0.189,-0.184
2024-11-04T13:10:28.587Z,0.8169,-0.2391,-0.1088
2024-11-04T13:10:28.597Z,0.7717,-0.278,0.0018
2024-11-04T13:10:28.607Z,0.7351,-0.3651,0.145
2024-11-04T13:10:28.617Z,0.7237,-0.4709,0.2993
2024-11-04T13:10:28.627Z,0.7375,-0.556,0.4518
2024-11-04T13:10:28.639Z,0.871,-0.672,0.6638
2024-11-04T13:10:28.647Z,0.871,-0.672,0.6638
2024-11-04T13:10:28.659Z,1.0658,-0.6721,0.7393
2024-11-04T13:10:28.667Z,1.0658,-0.6721,0.7393
2024-11-04T13:10:28.677Z,1.1551,-0.6645,0.7424
2024-11-04T13:10:28.689Z,1.2861,-0.6721,0.72
2024-11-04T13:10:28.697Z,1.2861,-0.6721,0.72
2024-11-04T13:10:28.709Z,1.3168,-0.6676,0.6354
2024-11-04T13:10:28.717Z,1.3168,-0.6676,0.6354
2024-11-04T13:10:28.727Z,1.299,-0.6538,0.6257
2024-11-04T13:10:28.737Z,1.2714,-0.6491,0.6427
2024-11-04T13:10:28.749Z,1.2085,-0.72,0.7445
2024-11-04T13:10:28.757Z,1.2085,-0.72,0.7445
2024-11-04T13:10:28.767Z,1.1955,-0.7773,0.8151
2024-11-04T13:10:28.776Z,1.1961,-0.8239,0.8636
2024-11-04T13:10:28.789Z,1.217,-0.7506,0.844
2024-11-04T13:10:28.797Z,1.217,-0.7506,0.844
2024-11-04T13:10:28.809Z,1.2107,-0.5757,0.7004
2024-11-04T13:10:28.820Z,1.1992,-0.5229,0.6344
2024-11-04T13:10:28.826Z,1.1992,-0.5229,0.6344
2024-11-04T13:10:28.839Z,1.2029,-0.4828,0.571
2024-11-04T13:10:28.849Z,1.2286,-0.4813,0.5731
2024-11-04T13:10:28.859Z,1.2664,-0.4711,0.5784
2024-11-04T13:10:28.869Z,1.3103,-0.4626,0.5918
2024-11-04T13:10:28.876Z,1.3103,-0.4626,0.5918
2024-11-04T13:10:28.888Z,1.384,-0.4023,0.5784
2024-11-04T13:10:28.899Z,1.4111,-0.3772,0.5656
2024-11-04T13:10:28.908Z,1.4363,-0.3567,0.5525
2024-11-04T13:10:28.919Z,1.4672,-0.3485,0.5265
2024-11-04T13:10:28.926Z,1.4672,-0.3485,0.5265
2024-11-04T13:10:28.939Z,1.5685,-0.3383,0.4872
2024-11-04T13:10:28.949Z,1.6429,-0.3575,0.4779
2024-11-04T13:10:28.959Z,1.7073,-0.3854,0.4832
2024-11-04T13:10:28.968Z,1.7534,-0.4323,0.509
2024-11-04T13:10:28.977Z,1.7534,-0.4323,0.509
2024-11-04T13:10:28.987Z,1.7599,-0.4683,0.5664
2024-11-04T13:10:28.999Z,1.6809,-0.5732,0.7404
2024-11-04T13:10:29.008Z,1.6125,-0.6336,0.839
2024-11-04T13:10:29.019Z,1.555,-0.6999,0.9374
2024-11-04T13:10:29.028Z,1.5034,-0.7342,0.972
2024-11-04T13:10:29.039Z,1.4532,-0.8073,0.9843
2024-11-04T13:10:29.048Z,1.4261,-0.8755,1.055
2024-11-04T13:10:29.058Z,1.4238,-0.9021,1.105
2024-11-04T13:10:29.067Z,1.4238,-0.9021,1.105
2024-11-04T13:10:29.076Z,1.4252,-0.9261,1.1141
2024-11-04T13:10:29.088Z,1.4357,-0.9132,1.1175
2024-11-04T13:10:29.096Z,1.4357,-0.9132,1.1175
2024-11-04T13:10:29.109Z,1.4745,-0.8632,1.086
2024-11-04T13:10:29.120Z,1.5023,-0.8197,1.0317
2024-11-04T13:10:29.128Z,1.5437,-0.7492,0.9511
2024-11-04T13:10:29.137Z,1.5437,-0.7492,0.9511
2024-11-04T13:10:29.148Z,1.6126,-0.5981,0.7666
2024-11-04T13:10:29.160Z,1.6307,-0.5182,0.693
2024-11-04T13:10:29.168Z,1.643,-0.4632,0.6253
2024-11-04T13:10:29.176Z,1.643,-0.4632,0.6253
2024-11-04T13:10:29.190Z,1.6737,-0.4068,0.5131
2024-11-04T13:10:29.198Z,1.7059,-0.3808,0.4645
2024-11-04T13:10:29.208Z,1.732,-0.3496,0.3859
2024-11-04T13:10:29.217Z,1.732,-0.3496,0.3859
2024-11-04T13:10:29.226Z,1.7345,-0.3437,0.3396
2024-11-04T13:10:29.238Z,1.7325,-0.3581,0.2395
2024-11-04T13:10:29.249Z,1.7369,-0.3845,0.1532
2024-11-04T13:10:29.258Z,1.7578,-0.4088,0.0727
2024-11-04T13:10:29.270Z,1.789,-0.421,-0.0033
2024-11-04T13:10:29.276Z,1.789,-0.421,-0.0033
2024-11-04T13:10:29.288Z,1.8044,-0.4015,-0.1235
2024-11-04T13:10:29.298Z,1.785,-0.3988,-0.1771
2024-11-04T13:10:29.308Z,1.7552,-0.4222,-0.2246
2024-11-04T13:10:29.318Z,1.7191,-0.4445,-0.2553
2024-11-04T13:10:29.326Z,1.7191,-0.4445,-0.2553
2024-11-04T13:10:29.340Z,1.7256,-0.4923,-0.2458
2024-11-04T13:10:29.348Z,1.7737,-0.4968,-0.2158
2024-11-04T13:10:29.360Z,1.8371,-0.4927,-0.1827
2024-11-04T13:10:29.368Z,1.8984,-0.4873,-0.1612
2024-11-04T13:10:29.378Z,1.9423,-0.4774,-0.1597
2024-11-04T13:10:29.388Z,1.9784,-0.4745,-0.1548
2024-11-04T13:10:29.398Z,1.9911,-0.4702,-0.1392
2024-11-04T13:10:29.409Z,1.9789,-0.4554,-0.1164
2024-11-04T13:10:29.418Z,1.9353,-0.4444,-0.0895
2024-11-04T13:10:29.428Z,1.8783,-0.4263,-0.0634
2024-11-04T13:10:29.438Z,1.8112,-0.4159,-0.0427
2024-11-04T13:10:29.448Z,1.7498,-0.4117,-0.0345
2024-11-04T13:10:29.458Z,1.7124,-0.4085,-0.037
2024-11-04T13:10:29.466Z,1.7124,-0.4085,-0.037
2024-11-04T13:10:29.479Z,1.6642,-0.3879,-0.0494
2024-11-04T13:10:29.488Z,1.664,-0.3638,-0.0685
2024-11-04T13:10:29.498Z,1.6695,-0.3178,-0.1278
2024-11-04T13:10:29.508Z,1.6769,-0.2921,-0.1367
2024-11-04T13:10:29.518Z,1.6513,-0.2722,-0.1883
2024-11-04T13:10:29.528Z,1.5787,-0.2732,-0.2503
2024-11-04T13:10:29.540Z,1.4652,-0.2918,-0.3192
2024-11-04T13:10:29.548Z,1.3611,-0.3275,-0.3755
2024-11-04T13:10:29.558Z,1.2999,-0.3808,-0.4006
2024-11-04T13:10:29.568Z,1.2931,-0.4352,-0.3959
2024-11-04T13:10:29.578Z,1.3474,-0.4817,-0.3907
2024-11-04T13:10:29.588Z,1.4281,-0.4977,-0.4038
2024-11-04T13:10:29.598Z,1.5173,-0.5129,-0.4334
2024-11-04T13:10:29.608Z,1.5833,-0.5283,-0.4557
2024-11-04T13:10:29.618Z,1.6136,-0.5512,-0.4542
2024-11-04T13:10:29.628Z,1.5975,-0.5721,-0.429
2024-11-04T13:10:29.638Z,1.5453,-0.5896,-0.4068
2024-11-04T13:10:29.648Z,1.4708,-0.5893,-0.3842
2024-11-04T13:10:29.658Z,1.3972,-0.5792,-0.3609
2024-11-04T13:10:29.670Z,1.3439,-0.575,-0.3411
2024-11-04T13:10:29.678Z,1.328,-0.5622,-0.3189
2024-11-04T13:10:29.688Z,1.3479,-0.5538,-0.2842
2024-11-04T13:10:29.698Z,1.4015,-0.5339,-0.2387
2024-11-04T13:10:29.708Z,1.4616,-0.5098,-0.199
2024-11-04T13:10:29.718Z,1.5241,-0.4526,-0.159
2024-11-04T13:10:29.728Z,1.5537,-0.3888,-0.1245
2024-11-04T13:10:29.737Z,1.5345,-0.3425,-0.1022
2024-11-04T13:10:29.750Z,1.4608,-0.2971,-0.0797
2024-11-04T13:10:29.758Z,1.344,-0.2584,-0.061
2024-11-04T13:10:29.767Z,1.2121,-0.2322,-0.0588
2024-11-04T13:10:29.779Z,1.1211,-0.1909,-0.0613
2024-11-04T13:10:29.788Z,1.0897,-0.1357,-0.0507
2024-11-04T13:10:29.797Z,1.1222,-0.0828,-0.0258
2024-11-04T13:10:29.809Z,1.1909,-0.0497,0.0135
2024-11-04T13:10:29.819Z,1.2694,-0.0347,0.0578
2024-11-04T13:10:29.827Z,1.3298,-0.0362,0.109
2024-11-04T13:10:29.838Z,1.3541,-0.0122,0.1382
2024-11-04T13:10:29.848Z,1.3339,0.0275,0.1466
2024-11-04T13:10:29.857Z,1.2626,0.0781,0.139
2024-11-04T13:10:29.868Z,1.1656,0.1094,0.1203
2024-11-04T13:10:29.877Z,1.0593,0.1286,0.0995
2024-11-04T13:10:29.887Z,0.9876,0.1416,0.1032
2024-11-04T13:10:29.898Z,0.9678,0.1524,0.1068
2024-11-04T13:10:29.907Z,0.9896,0.1606,0.11
2024-11-04T13:10:29.917Z,1.0216,0.1636,0.1108
2024-11-04T13:10:29.927Z,1.0623,0.1769,0.1035
2024-11-04T13:10:29.937Z,1.0968,0.1742,0.0978
2024-11-04T13:10:29.948Z,1.136,0.2026,0.0974
2024-11-04T13:10:29.957Z,1.1923,0.2367,0.0928
2024-11-04T13:10:29.968Z,1.2507,0.2247,0.0929
2024-11-04T13:10:29.977Z,1.29,0.1765,0.0976
2024-11-04T13:10:29.988Z,1.2857,0.1092,0.1075
2024-11-04T13:10:29.997Z,1.2277,0.0808,0.1056
2024-11-04T13:10:30.008Z,1.1441,0.0915,0.0719
2024-11-04T13:10:30.017Z,1.0654,0.1159,0.0129
2024-11-04T13:10:30.027Z,1.0431,0.1283,-0.0364
2024-11-04T13:10:30.037Z,1.0793,0.1343,-0.0499
2024-11-04T13:10:30.047Z,1.1601,0.12,-0.0289
2024-11-04T13:10:30.057Z,1.2459,0.095,0.017
2024-11-04T13:10:30.067Z,1.2933,0.0822,0.0525
2024-11-04T13:10:30.077Z,1.2942,0.0764,0.0617
2024-11-04T13:10:30.088Z,1.2455,0.092,0.044
2024-11-04T13:10:30.097Z,1.1699,0.1262,0.0098
2024-11-04T13:10:30.108Z,1.0865,0.1735,-0.0214
2024-11-04T13:10:30.117Z,1.0379,0.1984,-0.012
2024-11-04T13:10:30.127Z,1.0494,0.1952,0.0524
2024-11-04T13:10:30.138Z,1.1035,0.1691,0.1593
2024-11-04T13:10:30.147Z,1.1991,0.1107,0.2818
2024-11-04T13:10:30.158Z,1.2971,0.0782,0.3711
2024-11-04T13:10:30.167Z,1.3683,0.0702,0.4111
2024-11-04T13:10:30.177Z,1.4044,0.106,0.4212
2024-11-04T13:10:30.187Z,1.4003,0.1538,0.435
2024-11-04T13:10:30.197Z,1.3622,0.1709,0.4626
2024-11-04T13:10:30.208Z,1.3075,0.1891,0.5179
2024-11-04T13:10:30.218Z,1.2485,0.1819,0.566
2024-11-04T13:10:30.227Z,1.1985,0.1465,0.5947
2024-11-04T13:10:30.238Z,1.1759,0.0942,0.5923
2024-11-04T13:10:30.248Z,1.1733,0.0787,0.5656
2024-11-04T13:10:30.258Z,1.1787,0.117,0.5227
2024-11-04T13:10:30.268Z,1.179,0.1576,0.4649
2024-11-04T13:10:30.277Z,1.1798,0.1817,0.4165
2024-11-04T13:10:30.288Z,1.2035,0.1984,0.41
2024-11-04T13:10:30.298Z,1.2421,0.1781,0.4278
2024-11-04T13:10:30.308Z,1.2789,0.133,0.4436
2024-11-04T13:10:30.318Z,1.2962,0.0952,0.4479
2024-11-04T13:10:30.327Z,1.2756,0.0956,0.4347
2024-11-04T13:10:30.338Z,1.2183,0.0998,0.3882
2024-11-04T13:10:30.348Z,1.1512,0.1224,0.3268
2024-11-04T13:10:30.358Z,1.1101,0.1385,0.2648
2024-11-04T13:10:30.368Z,1.1195,0.1263,0.2166
2024-11-04T13:10:30.377Z,1.1898,0.0897,0.2158
2024-11-04T13:10:30.387Z,1.3027,0.0443,0.2554
2024-11-04T13:10:30.398Z,1.4125,0.0186,0.3333
2024-11-04T13:10:30.408Z,1.4744,0.005,0.3995
2024-11-04T13:10:30.418Z,1.4616,-0.0081,0.4152
2024-11-04T13:10:30.428Z,1.3949,0.0112,0.3648
2024-11-04T13:10:30.438Z,1.3146,0.0469,0.2719
2024-11-04T13:10:30.448Z,1.251,0.0865,0.1905
2024-11-04T13:10:30.458Z,1.2387,0.1506,0.1566
2024-11-04T13:10:30.468Z,1.286,0.1703,0.1819
2024-11-04T13:10:30.477Z,1.3644,0.1668,0.2653
2024-11-04T13:10:30.488Z,1.427,0.1384,0.3715
2024-11-04T13:10:30.498Z,1.4357,0.115,0.4597
2024-11-04T13:10:30.508Z,1.3671,0.1236,0.4902
2024-11-04T13:10:30.517Z,1.2623,0.139,0.4614
2024-11-04T13:10:30.528Z,1.1635,0.1565,0.4122
2024-11-04T13:10:30.547Z,1.1635,0.1565,0.4122
2024-11-04T13:10:30.557Z,1.124,0.1456,0.3791
2024-11-04T13:10:30.567Z,1.1471,0.138,0.3639
2024-11-04T13:10:30.578Z,1.3333,0.1082,0.3183
2024-11-04T13:10:30.587Z,1.3416,0.1044,0.3
2024-11-04T13:10:30.597Z,1.3026,0.1287,0.271
2024-11-04T13:10:30.607Z,1.2318,0.1511,0.2316
2024-11-04T13:10:30.617Z,1.1546,0.1609,0.2027
2024-11-04T13:10:30.627Z,1.0848,0.1508,0.2023
2024-11-04T13:10:30.637Z,1.0386,0.1228,0.2045
2024-11-04T13:10:30.648Z,1.0343,0.1113,0.2097
2024-11-04T13:10:30.658Z,1.0731,0.119,0.2206
2024-11-04T13:10:30.667Z,1.1259,0.1692,0.2078
2024-11-04T13:10:30.678Z,1.1681,0.2002,0.1787
2024-11-04T13:10:30.688Z,1.1953,0.2147,0.1802
2024-11-04T13:10:30.698Z,1.1901,0.226,0.2042
2024-11-04T13:10:30.708Z,1.157,0.2149,0.2217
2024-11-04T13:10:30.717Z,1.0673,0.2395,0.2209
2024-11-04T13:10:30.727Z,0.9573,0.3246,0.1956
2024-11-04T13:10:30.738Z,0.8547,0.4522,0.1594
2024-11-04T13:10:30.747Z,0.8113,0.5742,0.15
2024-11-04T13:10:30.757Z,0.843,0.6561,0.186
2024-11-04T13:10:30.767Z,0.9207,0.6759,0.2474
2024-11-04T13:10:30.777Z,1.0036,0.6011,0.277
2024-11-04T13:10:30.787Z,1.026,0.5027,0.2474
2024-11-04T13:10:30.797Z,0.9443,0.4452,0.1877
2024-11-04T13:10:30.808Z,0.7853,0.4765,0.1066
2024-11-04T13:10:30.817Z,0.6192,0.5783,0.0429
2024-11-04T13:10:30.827Z,0.5224,0.7012,0.0132
2024-11-04T13:10:30.838Z,0.5543,0.7835,0.0023
2024-11-04T13:10:30.848Z,0.6988,0.7617,0.0066
2024-11-04T13:10:30.858Z,0.9179,0.7154,0.0119
2024-11-04T13:10:30.867Z,1.1311,0.6459,0.0188
2024-11-04T13:10:30.877Z,1.2915,0.6099,0.048
2024-11-04T13:10:30.888Z,1.3765,0.6152,0.1152
2024-11-04T13:10:30.898Z,1.3756,0.6474,0.1849
2024-11-04T13:10:30.907Z,1.3263,0.6982,0.2584
2024-11-04T13:10:30.917Z,1.2475,0.7478,0.3624
2024-11-04T13:10:30.926Z,1.1685,0.7524,0.4966
2024-11-04T13:10:30.937Z,1.12,0.7279,0.6402
2024-11-04T13:10:30.948Z,1.1142,0.7196,0.7605
2024-11-04T13:10:30.957Z,1.1462,0.7387,0.8167
2024-11-04T13:10:30.966Z,1.1917,0.7576,0.8262
2024-11-04T13:10:30.977Z,1.2322,0.7747,0.82
2024-11-04T13:10:30.987Z,1.2552,0.7818,0.8522
2024-11-04T13:10:30.997Z,1.2543,0.7215,0.9395
2024-11-04T13:10:31.007Z,1.2257,0.62,1.0458
2024-11-04T13:10:31.017Z,1.1757,0.5437,1.1333
2024-11-04T13:10:31.026Z,1.1005,0.5648,1.1709
2024-11-04T13:10:31.037Z,1.0108,0.6387,1.1737
2024-11-04T13:10:31.047Z,0.9348,0.7377,1.1716
2024-11-04T13:10:31.057Z,0.8848,0.7999,1.1577
2024-11-04T13:10:31.067Z,0.8808,0.7746,1.1573
2024-11-04T13:10:31.077Z,0.9262,0.6443,1.1812
2024-11-04T13:10:31.087Z,1.0086,0.5155,1.1987
2024-11-04T13:10:31.097Z,1.0749,0.4536,1.1798
2024-11-04T13:10:31.107Z,1.0774,0.4322,1.1107
2024-11-04T13:10:31.117Z,1.0424,0.4652,1.0171
2024-11-04T13:10:31.127Z,0.995,0.5094,0.9162
2024-11-04T13:10:31.137Z,0.9872,0.5564,0.7987
2024-11-04T13:10:31.147Z,1.0327,0.5985,0.6674
2024-11-04T13:10:31.158Z,1.1176,0.6577,0.5325
2024-11-04T13:10:31.167Z,1.2181,0.7098,0.4285
2024-11-04T13:10:31.177Z,1.3231,0.7461,0.3866
2024-11-04T13:10:31.187Z,1.4295,0.6987,0.4109
2024-11-04T13:10:31.198Z,1.5167,0.6087,0.4928
2024-11-04T13:10:31.207Z,1.573,0.4664,0.5753
2024-11-04T13:10:31.217Z,1.5924,0.3038,0.6331
2024-11-04T13:10:31.227Z,1.5619,0.1591,0.662
2024-11-04T13:10:31.237Z,1.4933,0.0733,0.6737
2024-11-04T13:10:31.247Z,1.4087,0.0591,0.6771
2024-11-04T13:10:31.257Z,1.3173,0.1286,0.6584
2024-11-04T13:10:31.267Z,1.2257,0.2569,0.6014
2024-11-04T13:10:31.277Z,1.1692,0.3892,0.5184
2024-11-04T13:10:31.287Z,1.1914,0.5014,0.4408
2024-11-04T13:10:31.297Z,1.2205,0.5812,0.3467
2024-11-04T13:10:31.307Z,1.2431,0.6257,0.2156
2024-11-04T13:10:31.317Z,1.2508,0.6953,0.0997
2024-11-04T13:10:31.327Z,1.2363,0.7851,0.015
2024-11-04T13:10:31.337Z,1.1981,0.8969,-0.038
2024-11-04T13:10:31.347Z,1.1361,1.0234,-0.0827
2024-11-04T13:10:31.357Z,1.0661,1.0764,-0.1135
2024-11-04T13:10:31.367Z,1.023,1.0403,-0.1265
2024-11-04T13:10:31.376Z,1.0417,0.9979,-0.1427
2024-11-04T13:10:31.387Z,1.1247,0.9867,-0.1843
2024-11-04T13:10:31.398Z,1.245,1.0079,-0.2471
2024-11-04T13:10:31.407Z,1.3454,1.056,-0.3117
2024-11-04T13:10:31.417Z,1.3801,1.1237,-0.3591
2024-11-04T13:10:31.427Z,1.3324,1.1862,-0.3915
2024-11-04T13:10:31.438Z,1.2379,1.215,-0.424
2024-11-04T13:10:31.447Z,1.1544,1.2486,-0.4182
2024-11-04T13:10:31.457Z,1.1109,1.2795,-0.3914
2024-11-04T13:10:31.467Z,1.1052,1.3416,-0.3859
2024-11-04T13:10:31.478Z,1.1039,1.3864,-0.416
2024-11-04T13:10:31.488Z,1.0714,1.4565,-0.4433
2024-11-04T13:10:31.497Z,1.0023,1.5425,-0.4381
2024-11-04T13:10:31.507Z,0.9102,1.6144,-0.4038
2024-11-04T13:10:31.518Z,0.8391,1.6454,-0.3501
2024-11-04T13:10:31.527Z,0.8219,1.6547,-0.3046
2024-11-04T13:10:31.537Z,0.864,1.6804,-0.2777
2024-11-04T13:10:31.548Z,0.9312,1.7238,-0.2858
2024-11-04T13:10:31.557Z,0.9956,1.7577,-0.3289
2024-11-04T13:10:31.567Z,1.0398,1.782,-0.3635
2024-11-04T13:10:31.576Z,1.0619,1.7983,-0.3775
2024-11-04T13:10:31.587Z,1.0673,1.7828,-0.3643
2024-11-04T13:10:31.597Z,1.0884,1.726,-0.3309
2024-11-04T13:10:31.607Z,1.1412,1.6623,-0.2868
2024-11-04T13:10:31.617Z,1.2152,1.6357,-0.2649
2024-11-04T13:10:31.626Z,1.2769,1.6525,-0.2657
2024-11-04T13:10:31.636Z,1.3176,1.6855,-0.2505
2024-11-04T13:10:31.648Z,1.331,1.6946,-0.2257
2024-11-04T13:10:31.657Z,1.3237,1.6505,-0.1931
2024-11-04T13:10:31.668Z,1.3145,1.5763,-0.1523
2024-11-04T13:10:31.678Z,1.302,1.4864,-0.1113
2024-11-04T13:10:31.687Z,1.2846,1.4147,-0.0682
2024-11-04T13:10:31.697Z,1.2715,1.3583,-0.0296
2024-11-04T13:10:31.706Z,1.2723,1.3476,-0.0157
2024-11-04T13:10:31.717Z,1.2902,1.353,-0.0002
2024-11-04T13:10:31.726Z,1.3245,1.3379,0.0342
2024-11-04T13:10:31.737Z,1.3689,1.3207,0.0941
2024-11-04T13:10:31.747Z,1.3976,1.2729,0.1756
2024-11-04T13:10:31.757Z,1.3902,1.2114,0.2867
2024-11-04T13:10:31.767Z,1.3099,1.1264,0.394
2024-11-04T13:10:31.777Z,1.1574,1.0638,0.4569
2024-11-04T13:10:31.787Z,0.9433,1.0401,0.473
2024-11-04T13:10:31.797Z,0.7104,1.0704,0.4555
2024-11-04T13:10:31.807Z,0.503,1.1246,0.4398
2024-11-04T13:10:31.817Z,0.3673,1.1884,0.4538
2024-11-04T13:10:31.827Z,0.3115,1.285,0.5054
2024-11-04T13:10:31.837Z,0.3195,1.3085,0.5665
2024-11-04T13:10:31.847Z,0.356,1.284,0.6217
2024-11-04T13:10:31.858Z,0.39,1.2401,0.6673
2024-11-04T13:10:31.866Z,0.4084,1.1973,0.7044
2024-11-04T13:10:31.878Z,0.4078,1.1684,0.7225
2024-11-04T13:10:31.887Z,0.3836,1.172,0.7002
2024-11-04T13:10:31.897Z,0.3513,1.1585,0.6378
2024-11-04T13:10:31.907Z,0.3302,1.1041,0.5743
2024-11-04T13:10:31.917Z,0.3311,1.0502,0.5181
2024-11-04T13:10:31.927Z,0.3444,1.0225,0.4641
2024-11-04T13:10:31.937Z,0.3806,1.0504,0.4179
2024-11-04T13:10:31.947Z,0.4325,1.078,0.3532
2024-11-04T13:10:31.957Z,0.499,1.0622,0.2694
2024-11-04T13:10:31.967Z,0.5757,1.0282,0.1874
2024-11-04T13:10:31.976Z,0.6442,0.9869,0.0968
2024-11-04T13:10:31.987Z,0.6984,0.9496,-0.0023
2024-11-04T13:10:31.997Z,0.7356,0.9036,-0.1089
2024-11-04T13:10:32.008Z,0.7525,0.8211,-0.2172
2024-11-04T13:10:32.017Z,0.7398,0.7448,-0.3169
2024-11-04T13:10:32.027Z,0.6982,0.8239,-0.4266
2024-11-04T13:10:32.037Z,0.6485,0.9804,-0.5509
2024-11-04T13:10:32.046Z,0.58,1.1791,-0.7145
2024-11-04T13:10:32.057Z,0.5117,1.3545,-0.8758
2024-11-04T13:10:32.067Z,0.4835,1.4727,-0.9911
2024-11-04T13:10:32.076Z,0.5135,1.544,-1.0482
2024-11-04T13:10:32.087Z,0.5901,1.5487,-1.0962
2024-11-04T13:10:32.097Z,0.6754,1.4939,-1.1516
2024-11-04T13:10:32.107Z,0.7167,1.4138,-1.1875
2024-11-04T13:10:32.117Z,0.7085,1.4019,-1.1916
2024-11-04T13:10:32.126Z,0.6339,1.4712,-1.2037
2024-11-04T13:10:32.137Z,0.5133,1.6372,-1.2308
2024-11-04T13:10:32.147Z,0.3703,1.7871,-1.2675
2024-11-04T13:10:32.157Z,0.2461,1.9057,-1.3104
2024-11-04T13:10:32.167Z,0.1669,1.9654,-1.3357
2024-11-04T13:10:32.177Z,0.1459,1.9621,-1.3431
2024-11-04T13:10:32.188Z,0.1801,1.9096,-1.3388
2024-11-04T13:10:32.197Z,0.2508,1.8373,-1.323
2024-11-04T13:10:32.207Z,0.3428,1.7429,-1.3023
2024-11-04T13:10:32.223Z,0.3428,1.7429,-1.3023
2024-11-04T13:10:32.232Z,0.3428,1.7429,-1.3023
2024-11-04T13:10:32.241Z,0.4313,1.6859,-1.2785
2024-11-04T13:10:32.247Z,0.5834,1.726,-1.2334
2024-11-04T13:10:32.265Z,0.6404,1.6926,-1.2282
2024-11-04T13:10:32.267Z,0.6404,1.6926,-1.2282
2024-11-04T13:10:32.276Z,0.7885,1.4013,-1.0544
2024-11-04T13:10:32.287Z,0.8337,1.3279,-0.9977
2024-11-04T13:10:32.297Z,0.8942,1.2757,-0.9575
2024-11-04T13:10:32.307Z,0.9636,1.2766,-0.9218
2024-11-04T13:10:32.317Z,1.0322,1.2765,-0.8834
2024-11-04T13:10:32.327Z,1.0947,1.2405,-0.8332
2024-11-04T13:10:32.338Z,1.143,1.171,-0.7751
2024-11-04T13:10:32.346Z,1.1805,1.09,-0.7107
2024-11-04T13:10:32.358Z,1.195,0.9902,-0.6537
2024-11-04T13:10:32.368Z,1.1853,0.8961,-0.6011
2024-11-04T13:10:32.378Z,1.1544,0.8611,-0.5627
2024-11-04T13:10:32.388Z,1.1025,0.8509,-0.5557
2024-11-04T13:10:32.398Z,1.0366,0.8477,-0.5645
2024-11-04T13:10:32.408Z,0.9662,0.844,-0.5772
2024-11-04T13:10:32.418Z,0.8932,0.817,-0.5668
2024-11-04T13:10:32.428Z,0.8335,0.7739,-0.5304
2024-11-04T13:10:32.438Z,0.7936,0.7289,-0.4753
2024-11-04T13:10:32.448Z,0.7622,0.6764,-0.4071
2024-11-04T13:10:32.457Z,0.734,0.6533,-0.3487
2024-11-04T13:10:32.467Z,0.702,0.6716,-0.3029
2024-11-04T13:10:32.477Z,0.6574,0.7192,-0.2966
2024-11-04T13:10:32.487Z,0.6072,0.7581,-0.3145
2024-11-04T13:10:32.497Z,0.5599,0.7991,-0.3494
2024-11-04T13:10:32.507Z,0.5215,0.8183,-0.3854
2024-11-04T13:10:32.517Z,0.4824,0.8066,-0.4153
2024-11-04T13:10:32.527Z,0.4447,0.7685,-0.4429
2024-11-04T13:10:32.537Z,0.4127,0.7209,-0.4814
2024-11-04T13:10:32.547Z,0.3953,0.6983,-0.5254
2024-11-04T13:10:32.557Z,0.3902,0.731,-0.5835
2024-11-04T13:10:32.567Z,0.3837,0.8026,-0.6547
2024-11-04T13:10:32.577Z,0.373,0.8906,-0.7343
2024-11-04T13:10:32.587Z,0.3405,0.9528,-0.8095
2024-11-04T13:10:32.597Z,0.2933,0.9718,-0.8557
2024-11-04T13:10:32.608Z,0.231,0.9484,-0.8637
2024-11-04T13:10:32.617Z,0.1589,0.867,-0.8431
2024-11-04T13:10:32.627Z,0.0823,0.7458,-0.7945
2024-11-04T13:10:32.637Z,0.0188,0.6048,-0.7315
2024-11-04T13:10:32.647Z,-0.0237,0.4837,-0.6813
2024-11-04T13:10:32.657Z,-0.0429,0.4239,-0.6569
2024-11-04T13:10:32.667Z,-0.0407,0.4228,-0.6646
2024-11-04T13:10:32.677Z,-0.0181,0.4743,-0.6827
2024-11-04T13:10:32.687Z,0.0132,0.5135,-0.6986
2024-11-04T13:10:32.697Z,0.0521,0.5448,-0.6837
2024-11-04T13:10:32.707Z,0.0858,0.5596,-0.6329
2024-11-04T13:10:32.716Z,0.1056,0.5719,-0.5668
2024-11-04T13:10:32.727Z,0.1141,0.5877,-0.4948
2024-11-04T13:10:32.737Z,0.1066,0.61,-0.4302
2024-11-04T13:10:32.747Z,0.0794,0.6349,-0.3758
2024-11-04T13:10:32.757Z,0.0446,0.6608,-0.3265
2024-11-04T13:10:32.767Z,0.0157,0.6861,-0.2794
2024-11-04T13:10:32.776Z,0.0073,0.7085,-0.2338
2024-11-04T13:10:32.786Z,0.0249,0.7238,-0.1912
2024-11-04T13:10:32.797Z,0.068,0.7245,-0.1468
2024-11-04T13:10:32.807Z,0.1312,0.7248,-0.107
2024-11-04T13:10:32.817Z,0.2029,0.7168,-0.0724
2024-11-04T13:10:32.827Z,0.2697,0.7113,-0.0478
2024-11-04T13:10:32.837Z,0.3236,0.7207,-0.0137
2024-11-04T13:10:32.847Z,0.3517,0.7264,0.028
2024-11-04T13:10:32.857Z,0.3572,0.7251,0.0711
2024-11-04T13:10:32.867Z,0.3429,0.7078,0.1095
2024-11-04T13:10:32.877Z,0.3213,0.6647,0.1432
2024-11-04T13:10:32.887Z,0.307,0.5984,0.1787
2024-11-04T13:10:32.897Z,0.3045,0.5267,0.2119
2024-11-04T13:10:32.907Z,0.3024,0.4429,0.2485
2024-11-04T13:10:32.917Z,0.3044,0.35,0.2858
2024-11-04T13:10:32.927Z,0.3061,0.2658,0.3415
2024-11-04T13:10:32.937Z,0.3107,0.2021,0.4092
2024-11-04T13:10:32.947Z,0.3288,0.1431,0.4845
2024-11-04T13:10:32.957Z,0.3562,0.0952,0.5336
2024-11-04T13:10:32.967Z,0.3839,0.0221,0.5353
2024-11-04T13:10:32.977Z,0.3945,-0.0757,0.494
2024-11-04T13:10:32.987Z,0.3864,-0.181,0.4499
2024-11-04T13:10:32.997Z,0.351,-0.2763,0.4222
2024-11-04T13:10:33.007Z,0.2867,-0.347,0.4241
2024-11-04T13:10:33.017Z,0.2063,-0.4165,0.4518
2024-11-04T13:10:33.027Z,0.1267,-0.4679,0.5036
2024-11-04T13:10:33.037Z,0.0632,-0.473,0.5547
2024-11-04T13:10:33.047Z,0.0353,-0.4313,0.5809
2024-11-04T13:10:33.057Z,0.0364,-0.3542,0.57
2024-11-04T13:10:33.067Z,0.0593,-0.2681,0.5238
2024-11-04T13:10:33.077Z,0.1037,-0.1802,0.4563
2024-11-04T13:10:33.089Z,0.1456,-0.1056,0.3894
2024-11-04T13:10:33.097Z,0.1926,-0.0716,0.3289
2024-11-04T13:10:33.107Z,0.2329,-0.0789,0.283
2024-11-04T13:10:33.119Z,0.265,-0.1131,0.2572
2024-11-04T13:10:33.126Z,0.2808,-0.1411,0.2328
2024-11-04T13:10:33.137Z,0.2761,-0.1593,0.2086
2024-11-04T13:10:33.147Z,0.2491,-0.1432,0.1738
2024-11-04T13:10:33.157Z,0.2055,-0.0905,0.1307
2024-11-04T13:10:33.167Z,0.1468,-0.0243,0.0851
2024-11-04T13:10:33.177Z,0.0812,0.0426,0.0437
2024-11-04T13:10:33.187Z,0.0198,0.0777,0.0121
2024-11-04T13:10:33.197Z,-0.0284,0.0771,0.0003
2024-11-04T13:10:33.206Z,-0.0518,0.0468,0.0059
2024-11-04T13:10:33.216Z,-0.0398,0.015,0.0244
2024-11-04T13:10:33.227Z,0.0023,-0.0164,0.0418
2024-11-04T13:10:33.239Z,0.0672,-0.0447,0.0628
2024-11-04T13:10:33.247Z,0.1384,-0.0625,0.0888
2024-11-04T13:10:33.257Z,0.2123,-0.0789,0.12
2024-11-04T13:10:33.268Z,0.2783,-0.0913,0.1587
2024-11-04T13:10:33.277Z,0.3257,-0.1111,0.1896
2024-11-04T13:10:33.287Z,0.3535,-0.1451,0.2029
2024-11-04T13:10:33.298Z,0.3685,-0.1928,0.2001
2024-11-04T13:10:33.307Z,0.3897,-0.2404,0.192
2024-11-04T13:10:33.317Z,0.4101,-0.279,0.1688
2024-11-04T13:10:33.328Z,0.4267,-0.3124,0.1475
2024-11-04T13:10:33.337Z,0.4433,-0.3379,0.1521
2024-11-04T13:10:33.346Z,0.4444,-0.3507,0.1698
2024-11-04T13:10:33.358Z,0.425,-0.3706,0.1992
2024-11-04T13:10:33.367Z,0.3908,-0.4057,0.2312
2024-11-04T13:10:33.377Z,0.3434,-0.4404,0.2615
2024-11-04T13:10:33.388Z,0.3025,-0.4519,0.2801
2024-11-04T13:10:33.397Z,0.2753,-0.4598,0.283
2024-11-04T13:10:33.407Z,0.2591,-0.4736,0.2682
2024-11-04T13:10:33.418Z,0.2648,-0.4783,0.2449
2024-11-04T13:10:33.427Z,0.2892,-0.4916,0.2178
2024-11-04T13:10:33.437Z,0.3248,-0.5106,0.2006
2024-11-04T13:10:33.448Z,0.3574,-0.5292,0.2018
2024-11-04T13:10:33.457Z,0.3863,-0.5454,0.2132
2024-11-04T13:10:33.467Z,0.3995,-0.5698,0.2289
2024-11-04T13:10:33.476Z,0.402,-0.6048,0.256
2024-11-04T13:10:33.487Z,0.4048,-0.627,0.2839
2024-11-04T13:10:33.497Z,0.4101,-0.6234,0.3107
2024-11-04T13:10:33.506Z,0.4169,-0.6106,0.3254
2024-11-04T13:10:33.517Z,0.4366,-0.5878,0.3156
2024-11-04T13:10:33.527Z,0.4611,-0.5745,0.2914
2024-11-04T13:10:33.538Z,0.4811,-0.5809,0.2669
2024-11-04T13:10:33.547Z,0.4921,-0.5925,0.2613
2024-11-04T13:10:33.557Z,0.4822,-0.6017,0.2796
2024-11-04T13:10:33.568Z,0.4493,-0.6096,0.3081
2024-11-04T13:10:33.577Z,0.4038,-0.6255,0.3372
2024-11-04T13:10:33.587Z,0.3508,-0.6344,0.3525
2024-11-04T13:10:33.598Z,0.3036,-0.6239,0.3575
2024-11-04T13:10:33.607Z,0.2697,-0.5984,0.3559
2024-11-04T13:10:33.617Z,0.2491,-0.5838,0.3496
2024-11-04T13:10:33.628Z,0.2328,-0.5954,0.3551
2024-11-04T13:10:33.636Z,0.2257,-0.6429,0.3817
2024-11-04T13:10:33.647Z,0.2211,-0.7046,0.4262
2024-11-04T13:10:33.658Z,0.2135,-0.7688,0.4901
2024-11-04T13:10:33.667Z,0.2002,-0.8329,0.5596
2024-11-04T13:10:33.677Z,0.1802,-0.881,0.6358
2024-11-04T13:10:33.688Z,0.1494,-0.9071,0.7152
2024-11-04T13:10:33.696Z,0.1095,-0.9245,0.7936
2024-11-04T13:10:33.707Z,0.0775,-0.9458,0.8594
2024-11-04T13:10:33.718Z,0.0789,-0.9357,0.9205
2024-11-04T13:10:33.726Z,0.1144,-0.9012,0.9688
2024-11-04T13:10:33.737Z,0.1916,-0.832,0.989
2024-11-04T13:10:33.748Z,0.2917,-0.7455,0.9813
2024-11-04T13:10:33.757Z,0.3932,-0.664,0.9482
2024-11-04T13:10:33.767Z,0.4768,-0.5948,0.9068
2024-11-04T13:10:33.778Z,0.5166,-0.5415,0.8743
2024-11-04T13:10:33.787Z,0.5064,-0.5315,0.8605
2024-11-04T13:10:33.797Z,0.444,-0.5869,0.8722
2024-11-04T13:10:33.808Z,0.3457,-0.7227,0.9189
2024-11-04T13:10:33.817Z,0.241,-0.893,1.0003
2024-11-04T13:10:33.827Z,0.159,-1.0238,1.0925
2024-11-04T13:10:33.838Z,0.1102,-1.107,1.1625
2024-11-04T13:10:33.847Z,0.1091,-1.155,1.1932
2024-11-04T13:10:33.857Z,0.1489,-1.1604,1.1784
2024-11-04T13:10:33.868Z,0.2078,-1.1638,1.1363
2024-11-04T13:10:33.876Z,0.2794,-1.1729,1.0832
2024-11-04T13:10:33.887Z,0.3457,-1.1879,1.0273
2024-11-04T13:10:33.898Z,0.3957,-1.2162,0.9809
2024-11-04T13:10:33.907Z,0.4181,-1.2482,0.9528
2024-11-04T13:10:33.917Z,0.402,-1.2727,0.9282
2024-11-04T13:10:33.928Z,0.3532,-1.3166,0.9016
2024-11-04T13:10:33.937Z,0.27,-1.3666,0.8855
2024-11-04T13:10:33.947Z,0.1799,-1.4229,0.8879
2024-11-04T13:10:33.958Z,0.0898,-1.4742,0.9086
2024-11-04T13:10:33.966Z,0.0371,-1.5129,0.9203
2024-11-04T13:10:33.977Z,0.013,-1.5293,0.9202
2024-11-04T13:10:33.988Z,0.0352,-1.5035,0.9198
2024-11-04T13:10:33.996Z,0.0818,-1.4466,0.9235
2024-11-04T13:10:34.006Z,0.1402,-1.3698,0.9239
2024-11-04T13:10:34.018Z,0.1939,-1.2988,0.926
2024-11-04T13:10:34.026Z,0.2256,-1.2442,0.9439
2024-11-04T13:10:34.037Z,0.2393,-1.2002,0.981
2024-11-04T13:10:34.048Z,0.2329,-1.1563,1.0309
2024-11-04T13:10:34.057Z,0.2167,-1.1227,1.0921
2024-11-04T13:10:34.067Z,0.2163,-1.1269,1.1496
2024-11-04T13:10:34.077Z,0.2467,-1.1358,1.1885
2024-11-04T13:10:34.087Z,0.3092,-1.1367,1.2079
2024-11-04T13:10:34.097Z,0.3973,-1.1344,1.2063
2024-11-04T13:10:34.108Z,0.5084,-1.1124,1.1854
2024-11-04T13:10:34.117Z,0.6129,-1.0695,1.1585
2024-11-04T13:10:34.127Z,0.7006,-1.0051,1.115
2024-11-04T13:10:34.137Z,0.7476,-0.9227,1.0664
2024-11-04T13:10:34.147Z,0.7515,-0.8438,1.0252
2024-11-04T13:10:34.157Z,0.7197,-0.7872,0.9948
2024-11-04T13:10:34.167Z,0.6552,-0.7538,0.988
2024-11-04T13:10:34.177Z,0.5814,-0.7657,0.991
2024-11-04T13:10:34.187Z,0.5207,-0.8128,1.0105
2024-11-04T13:10:34.197Z,0.4922,-0.8652,1.0344
2024-11-04T13:10:34.207Z,0.5045,-0.9249,1.0635
2024-11-04T13:10:34.217Z,0.5614,-0.9782,1.0875
2024-11-04T13:10:34.227Z,0.6657,-0.9932,1.0877
2024-11-04T13:10:34.237Z,0.7927,-0.9854,1.07
2024-11-04T13:10:34.247Z,0.9192,-0.9786,1.0279
2024-11-04T13:10:34.258Z,1.0287,-0.9847,0.9882
2024-11-04T13:10:34.267Z,1.1154,-0.9847,0.9557
2024-11-04T13:10:34.277Z,1.1814,-0.9962,0.9455
2024-11-04T13:10:34.287Z,1.228,-0.9972,0.9532
2024-11-04T13:10:34.297Z,1.2615,-0.9853,0.9576
2024-11-04T13:10:34.307Z,1.2878,-0.9845,0.956
2024-11-04T13:10:34.317Z,1.3109,-0.9872,0.9524
2024-11-04T13:10:34.327Z,1.3342,-1.0024,0.9589
2024-11-04T13:10:34.336Z,1.3244,-1.0073,0.9857
2024-11-04T13:10:34.347Z,1.2975,-1.0034,1.0336
2024-11-04T13:10:34.357Z,1.2442,-1.0102,1.0939
2024-11-04T13:10:34.367Z,1.1739,-1.005,1.1415
2024-11-04T13:10:34.377Z,1.095,-0.9775,1.1675
2024-11-04T13:10:34.388Z,1.0053,-0.9374,1.1742
2024-11-04T13:10:34.399Z,0.9161,-0.8983,1.162
2024-11-04T13:10:34.407Z,0.828,-0.8674,1.1541
2024-11-04T13:10:34.418Z,0.7519,-0.8461,1.1589
2024-11-04T13:10:34.428Z,0.6923,-0.8348,1.1701
2024-11-04T13:10:34.437Z,0.6522,-0.814,1.1864
2024-11-04T13:10:34.447Z,0.6451,-0.7863,1.1864
2024-11-04T13:10:34.460Z,0.6451,-0.7863,1.1864
2024-11-04T13:10:34.468Z,0.6451,-0.7863,1.1864
2024-11-04T13:10:34.478Z,0.6634,-0.7623,1.1718
2024-11-04T13:10:34.497Z,0.8216,-0.7268,1.1014
2024-11-04T13:10:34.507Z,0.9352,-0.7043,0.977
2024-11-04T13:10:34.517Z,0.9827,-0.6771,0.893
2024-11-04T13:10:34.526Z,1.012,-0.6498,0.8047
2024-11-04T13:10:34.537Z,1.0263,-0.6402,0.7263
2024-11-04T13:10:34.547Z,1.0317,-0.6276,0.6633
2024-11-04T13:10:34.557Z,1.0285,-0.6185,0.6196
2024-11-04T13:10:34.567Z,1.0201,-0.6066,0.5932
2024-11-04T13:10:34.577Z,1.0167,-0.5891,0.5727
2024-11-04T13:10:34.587Z,1.0234,-0.586,0.5433
2024-11-04T13:10:34.597Z,1.0419,-0.6043,0.5081
2024-11-04T13:10:34.607Z,1.0639,-0.6169,0.4709
2024-11-04T13:10:34.617Z,1.0851,-0.6295,0.4337
2024-11-04T13:10:34.627Z,1.0881,-0.6474,0.4038
2024-11-04T13:10:34.637Z,1.0945,-0.6674,0.3778
2024-11-04T13:10:34.647Z,1.0814,-0.6953,0.3608
2024-11-04T13:10:34.657Z,1.055,-0.7394,0.3537
2024-11-04T13:10:34.667Z,1.0053,-0.791,0.3599
2024-11-04T13:10:34.678Z,0.9425,-0.8281,0.3703
2024-11-04T13:10:34.687Z,0.8771,-0.85,0.3785
2024-11-04T13:10:34.697Z,0.8299,-0.8561,0.3803
2024-11-04T13:10:34.708Z,0.8187,-0.8473,0.3833
2024-11-04T13:10:34.716Z,0.8489,-0.8288,0.3821
2024-11-04T13:10:34.727Z,0.9106,-0.7914,0.3711
2024-11-04T13:10:34.738Z,0.9746,-0.744,0.3617
2024-11-04T13:10:34.747Z,1.0246,-0.6974,0.3568
2024-11-04T13:10:34.757Z,1.0525,-0.6569,0.3574
2024-11-04T13:10:34.768Z,1.0501,-0.6382,0.362
2024-11-04T13:10:34.777Z,1.0278,-0.6415,0.3758
2024-11-04T13:10:34.787Z,0.9835,-0.6656,0.3974
2024-11-04T13:10:34.798Z,0.9308,-0.7086,0.4199
2024-11-04T13:10:34.807Z,0.8905,-0.7708,0.4571
2024-11-04T13:10:34.817Z,0.8532,-0.8371,0.4978
2024-11-04T13:10:34.827Z,0.8171,-0.9059,0.542
2024-11-04T13:10:34.837Z,0.7875,-0.9561,0.5799
2024-11-04T13:10:34.847Z,0.7685,-0.9706,0.6011
2024-11-04T13:10:34.857Z,0.7752,-0.9604,0.6072
2024-11-04T13:10:34.867Z,0.8116,-0.9205,0.6035
2024-11-04T13:10:34.877Z,0.8721,-0.8726,0.5832
2024-11-04T13:10:34.887Z,0.9345,-0.8061,0.5437
2024-11-04T13:10:34.897Z,0.9877,-0.7332,0.5101
2024-11-04T13:10:34.907Z,1.0271,-0.6428,0.4812
2024-11-04T13:10:34.917Z,1.0682,-0.5636,0.4506
2024-11-04T13:10:34.927Z,1.1141,-0.4925,0.4231
2024-11-04T13:10:34.937Z,1.171,-0.4488,0.3921
2024-11-04T13:10:34.947Z,1.2435,-0.4059,0.3723
2024-11-04T13:10:34.957Z,1.3089,-0.3755,0.3547
2024-11-04T13:10:34.967Z,1.3539,-0.3402,0.3403
2024-11-04T13:10:34.977Z,1.3805,-0.2902,0.3341
2024-11-04T13:10:34.986Z,1.3889,-0.2317,0.3463
2024-11-04T13:10:34.997Z,1.3731,-0.1788,0.3698
2024-11-04T13:10:35.007Z,1.3535,-0.1529,0.4119
2024-11-04T13:10:35.017Z,1.3343,-0.1474,0.4694
2024-11-04T13:10:35.027Z,1.3144,-0.1728,0.532
2024-11-04T13:10:35.037Z,1.2888,-0.2062,0.5876
2024-11-04T13:10:35.047Z,1.2504,-0.2468,0.6316
2024-11-04T13:10:35.057Z,1.2007,-0.2877,0.6631
2024-11-04T13:10:35.067Z,1.1486,-0.3216,0.6889
2024-11-04T13:10:35.077Z,1.0975,-0.3445,0.7084
2024-11-04T13:10:35.087Z,1.0678,-0.3532,0.7147
2024-11-04T13:10:35.098Z,1.0709,-0.351,0.7129
2024-11-04T13:10:35.107Z,1.1124,-0.341,0.7146
2024-11-04T13:10:35.117Z,1.1834,-0.3208,0.723
2024-11-04T13:10:35.127Z,1.2619,-0.3104,0.7213
2024-11-04T13:10:35.137Z,1.326,-0.3067,0.704
2024-11-04T13:10:35.146Z,1.3672,-0.2751,0.6693
2024-11-04T13:10:35.157Z,1.3876,-0.2352,0.6167
2024-11-04T13:10:35.167Z,1.4165,-0.1959,0.5632
2024-11-04T13:10:35.177Z,1.4527,-0.1486,0.5071
2024-11-04T13:10:35.187Z,1.5004,-0.111,0.4403
2024-11-04T13:10:35.197Z,1.5487,-0.0912,0.3654
2024-11-04T13:10:35.207Z,1.6035,-0.0896,0.3005
2024-11-04T13:10:35.216Z,1.6545,-0.1026,0.2581
2024-11-04T13:10:35.227Z,1.6933,-0.1284,0.2307
2024-11-04T13:10:35.236Z,1.717,-0.1702,0.2192
2024-11-04T13:10:35.246Z,1.7196,-0.2119,0.22
2024-11-04T13:10:35.257Z,1.706,-0.2545,0.2315
2024-11-04T13:10:35.267Z,1.6809,-0.2716,0.2479
2024-11-04T13:10:35.277Z,1.6606,-0.2711,0.2707
2024-11-04T13:10:35.287Z,1.655,-0.2615,0.2922
2024-11-04T13:10:35.297Z,1.6698,-0.2399,0.3112
2024-11-04T13:10:35.307Z,1.7026,-0.2095,0.328
2024-11-04T13:10:35.317Z,1.7487,-0.192,0.3357
2024-11-04T13:10:35.327Z,1.7883,-0.1749,0.3371
2024-11-04T13:10:35.337Z,1.8138,-0.1425,0.3252
2024-11-04T13:10:35.347Z,1.8301,-0.1223,0.3046
2024-11-04T13:10:35.357Z,1.8534,-0.0924,0.2924
2024-11-04T13:10:35.367Z,1.8646,-0.0715,0.2781
2024-11-04T13:10:35.376Z,1.8585,-0.0354,0.2482
2024-11-04T13:10:35.387Z,1.8393,0.0141,0.2
2024-11-04T13:10:35.397Z,1.7997,0.0681,0.1422
2024-11-04T13:10:35.407Z,1.7543,0.1086,0.0856
2024-11-04T13:10:35.417Z,1.7106,0.1399,0.0325
2024-11-04T13:10:35.427Z,1.6861,0.1479,-0.0043
2024-11-04T13:10:35.437Z,1.6924,0.1406,-0.0198
2024-11-04T13:10:35.447Z,1.7156,0.118,-0.0137
2024-11-04T13:10:35.457Z,1.7486,0.0796,0.0054
2024-11-04T13:10:35.467Z,1.7714,0.0339,0.0348
2024-11-04T13:10:35.477Z,1.772,-0.0059,0.0741
2024-11-04T13:10:35.487Z,1.7507,-0.0271,0.1138
2024-11-04T13:10:35.497Z,1.719,-0.0225,0.1556
2024-11-04T13:10:35.507Z,1.689,-0.0149,0.2079
2024-11-04T13:10:35.517Z,1.6796,-0.0216,0.2753
2024-11-04T13:10:35.526Z,1.6822,-0.0493,0.3511
2024-11-04T13:10:35.537Z,1.6931,-0.0749,0.4208
2024-11-04T13:10:35.547Z,1.6946,-0.1188,0.4782
2024-11-04T13:10:35.557Z,1.6827,-0.1652,0.5257
2024-11-04T13:10:35.566Z,1.6666,-0.2121,0.5645
2024-11-04T13:10:35.577Z,1.6448,-0.2295,0.5632
2024-11-04T13:10:35.587Z,1.619,-0.2289,0.52
2024-11-04T13:10:35.597Z,1.5994,-0.2009,0.4518
2024-11-04T13:10:35.607Z,1.6038,-0.1407,0.3896
2024-11-04T13:10:35.617Z,1.6377,-0.0882,0.3604
2024-11-04T13:10:35.627Z,1.7134,-0.0427,0.3657
2024-11-04T13:10:35.637Z,1.8166,-0.0035,0.3866
2024-11-04T13:10:35.646Z,1.9253,0.0285,0.4117
2024-11-04T13:10:35.657Z,2.0193,0.0549,0.4443
2024-11-04T13:10:35.667Z,2.0798,0.0801,0.4969
2024-11-04T13:10:35.677Z,2.0901,0.1049,0.5606
2024-11-04T13:10:35.687Z,2.046,0.1336,0.6267
2024-11-04T13:10:35.696Z,1.9556,0.1592,0.6812
2024-11-04T13:10:35.707Z,1.8197,0.1738,0.7243
2024-11-04T13:10:35.717Z,1.645,0.1823,0.7663
2024-11-04T13:10:35.727Z,1.4545,0.1936,0.8177
2024-11-04T13:10:35.737Z,1.2807,0.1847,0.8771
2024-11-04T13:10:35.747Z,1.1314,0.1649,0.9396
2024-11-04T13:10:35.757Z,1.0433,0.142,0.9815
2024-11-04T13:10:35.767Z,0.9998,0.1065,0.992
2024-11-04T13:10:35.777Z,0.9974,0.0741,0.9725
2024-11-04T13:10:35.787Z,1.0212,0.0517,0.9239
2024-11-04T13:10:35.797Z,1.0578,0.0484,0.8607
2024-11-04T13:10:35.807Z,1.1047,0.0604,0.7992
2024-11-04T13:10:35.817Z,1.1606,0.0689,0.7427
2024-11-04T13:10:35.827Z,1.2156,0.0682,0.698
2024-11-04T13:10:35.837Z,1.2731,0.07,0.6632
2024-11-04T13:10:35.847Z,1.3287,0.0653,0.6373
2024-11-04T13:10:35.857Z,1.3759,0.0459,0.6268
2024-11-04T13:10:35.867Z,1.4154,0.0229,0.6318
2024-11-04T13:10:35.877Z,1.4365,0.0134,0.6411
2024-11-04T13:10:35.887Z,1.439,0.0067,0.6502
2024-11-04T13:10:35.896Z,1.4242,0.0092,0.6398
2024-11-04T13:10:35.907Z,1.4034,-0.0159,0.6205
2024-11-04T13:10:35.917Z,1.3807,-0.0421,0.5998
2024-11-04T13:10:35.927Z,1.3584,-0.0955,0.5732
2024-11-04T13:10:35.937Z,1.331,-0.1552,0.5437
2024-11-04T13:10:35.947Z,1.3008,-0.2108,0.5134
2024-11-04T13:10:35.957Z,1.2709,-0.2596,0.4871
2024-11-04T13:10:35.967Z,1.2439,-0.3025,0.4614
2024-11-04T13:10:35.977Z,1.2244,-0.3302,0.4437
2024-11-04T13:10:35.987Z,1.2025,-0.3484,0.4305
2024-11-04T13:10:35.996Z,1.1768,-0.3474,0.4163
2024-11-04T13:10:36.007Z,1.1494,-0.3332,0.398
2024-11-04T13:10:36.017Z,1.1208,-0.3095,0.3802
2024-11-04T13:10:36.026Z,1.1004,-0.256,0.3562
2024-11-04T13:10:36.037Z,1.0972,-0.2172,0.325
2024-11-04T13:10:36.047Z,1.1124,-0.1805,0.2887
2024-11-04T13:10:36.057Z,1.1402,-0.1382,0.2398
2024-11-04T13:10:36.067Z,1.1902,-0.085,0.1902
2024-11-04T13:10:36.077Z,1.2457,-0.0234,0.1543
2024-11-04T13:10:36.087Z,1.301,0.0299,0.1468
2024-11-04T13:10:36.096Z,1.333,0.0628,0.1708
2024-11-04T13:10:36.107Z,1.3405,0.075,0.2004
2024-11-04T13:10:36.117Z,1.3258,0.0843,0.2141
2024-11-04T13:10:36.127Z,1.2905,0.0944,0.2111
2024-11-04T13:10:36.137Z,1.2568,0.1167,0.2095
2024-11-04T13:10:36.146Z,1.2419,0.1361,0.2131
2024-11-04T13:10:36.157Z,1.2488,0.1606,0.2313
2024-11-04T13:10:36.167Z,1.2729,0.1824,0.2461
2024-11-04T13:10:36.177Z,1.3019,0.193,0.2591
2024-11-04T13:10:36.187Z,1.3279,0.2082,0.2726
2024-11-04T13:10:36.197Z,1.3329,0.2235,0.2871
2024-11-04T13:10:36.207Z,1.3066,0.2349,0.2988
2024-11-04T13:10:36.217Z,1.2546,0.2602,0.3063
2024-11-04T13:10:36.227Z,1.1832,0.3051,0.3076
2024-11-04T13:10:36.237Z,1.1142,0.3605,0.307
2024-11-04T13:10:36.247Z,1.0638,0.4077,0.3057
2024-11-04T13:10:36.257Z,1.047,0.455,0.3065
2024-11-04T13:10:36.267Z,1.0571,0.4979,0.306
2024-11-04T13:10:36.277Z,1.0766,0.5308,0.3149
2024-11-04T13:10:36.287Z,1.1019,0.5599,0.3401
2024-11-04T13:10:36.297Z,1.1133,0.5887,0.379
2024-11-04T13:10:36.307Z,1.0951,0.613,0.4293
2024-11-04T13:10:36.317Z,1.0536,0.6484,0.4817
2024-11-04T13:10:36.327Z,0.9923,0.6946,0.5176
2024-11-04T13:10:36.337Z,0.9232,0.7622,0.5415
2024-11-04T13:10:36.347Z,0.8694,0.8483,0.5471
2024-11-04T13:10:36.358Z,0.8307,0.9631,0.5222
2024-11-04T13:10:36.367Z,0.7988,1.0593,0.483
2024-11-04T13:10:36.377Z,0.7797,1.1457,0.4528
2024-11-04T13:10:36.387Z,0.7769,1.2117,0.4447
2024-11-04T13:10:36.397Z,0.7994,1.2509,0.4504
2024-11-04T13:10:36.408Z,0.8414,1.2821,0.4512
2024-11-04T13:10:36.418Z,0.9007,1.3034,0.4422
2024-11-04T13:10:36.428Z,0.9701,1.3078,0.4213
2024-11-04T13:10:36.438Z,1.031,1.2997,0.3946
2024-11-04T13:10:36.448Z,1.0856,1.2874,0.3706
2024-11-04T13:10:36.458Z,1.1175,1.2818,0.3453
2024-11-04T13:10:36.468Z,1.1433,1.2837,0.3165
2024-11-04T13:10:36.478Z,1.1585,1.2882,0.2725
2024-11-04T13:10:36.488Z,1.1732,1.2879,0.2127
2024-11-04T13:10:36.498Z,1.1904,1.2712,0.1709
2024-11-04T13:10:36.507Z,1.2083,1.2389,0.1519
2024-11-04T13:10:36.518Z,1.2239,1.185,0.1559
2024-11-04T13:10:36.529Z,1.2181,1.1319,0.1888
2024-11-04T13:10:36.537Z,1.1871,1.0749,0.2402
2024-11-04T13:10:36.547Z,1.14,1.0061,0.3004
2024-11-04T13:10:36.557Z,1.0774,0.9385,0.3619
2024-11-04T13:10:36.567Z,1.0158,0.8826,0.4107
2024-11-04T13:10:36.577Z,0.967,0.8388,0.4471
2024-11-04T13:10:36.587Z,0.9375,0.8162,0.4863
2024-11-04T13:10:36.597Z,0.9349,0.7957,0.5369
2024-11-04T13:10:36.607Z,0.9481,0.7765,0.5978
2024-11-04T13:10:36.617Z,0.968,0.7519,0.6528
2024-11-04T13:10:36.627Z,0.9824,0.7344,0.6902
2024-11-04T13:10:36.637Z,0.9918,0.7338,0.7052
2024-11-04T13:10:36.647Z,0.9931,0.7337,0.6982
2024-11-04T13:10:36.657Z,0.9913,0.7495,0.6691
2024-11-04T13:10:36.667Z,0.9844,0.7693,0.6352
2024-11-04T13:10:36.677Z,0.9823,0.7999,0.6076
2024-11-04T13:10:36.687Z,0.9892,0.8276,0.577
2024-11-04T13:10:36.697Z,1.0143,0.8558,0.5435
2024-11-04T13:10:36.708Z,1.0584,0.9004,0.5036
2024-11-04T13:10:36.717Z,1.1166,0.9447,0.4577
2024-11-04T13:10:36.727Z,1.1711,0.9853,0.407
2024-11-04T13:10:36.737Z,1.2061,1.009,0.3651
2024-11-04T13:10:36.747Z,1.2189,1.0279,0.3401
2024-11-04T13:10:36.757Z,1.212,1.0363,0.331
2024-11-04T13:10:36.767Z,1.1905,1.0317,0.3427
2024-11-04T13:10:36.777Z,1.1626,1.0228,0.3708
2024-11-04T13:10:36.787Z,1.1272,1.0007,0.3994
2024-11-04T13:10:36.797Z,1.0882,0.9769,0.4238
2024-11-04T13:10:36.807Z,1.0504,0.9668,0.4353
2024-11-04T13:10:36.817Z,1.0251,0.9584,0.4333
2024-11-04T13:10:36.827Z,1.0047,0.9462,0.4212
2024-11-04T13:10:36.837Z,0.9774,0.936,0.402
2024-11-04T13:10:36.847Z,0.9427,0.902,0.3947
2024-11-04T13:10:36.857Z,0.9082,0.8655,0.4052
2024-11-04T13:10:36.867Z,0.8755,0.8733,0.4144
2024-11-04T13:10:36.877Z,0.8544,0.8825,0.4053
2024-11-04T13:10:36.886Z,0.8542,0.8972,0.3874
2024-11-04T13:10:36.897Z,0.8872,0.9048,0.3851
2024-11-04T13:10:36.906Z,0.9403,0.894,0.3958
2024-11-04T13:10:36.917Z,0.9949,0.8784,0.4133
2024-11-04T13:10:36.926Z,1.0174,0.8624,0.4377
2024-11-04T13:10:36.937Z,0.9951,0.8603,0.4701
2024-11-04T13:10:36.947Z,0.9283,0.8854,0.5045
2024-11-04T13:10:36.957Z,0.8247,0.9267,0.5338
2024-11-04T13:10:36.967Z,0.6963,0.9611,0.5593
2024-11-04T13:10:36.977Z,0.5768,1.0031,0.5882
2024-11-04T13:10:36.989Z,0.3797,1.101,0.62
2024-11-04T13:10:36.997Z,0.3797,1.101,0.62
2024-11-04T13:10:37.007Z,0.3058,1.1454,0.6152
2024-11-04T13:10:37.017Z,0.2457,1.1975,0.5937
2024-11-04T13:10:37.027Z,0.1874,1.264,0.5633
2024-11-04T13:10:37.039Z,0.0973,1.4051,0.4751
2024-11-04T13:10:37.046Z,0.0973,1.4051,0.4751
2024-11-04T13:10:37.056Z,0.0719,1.4695,0.4204
2024-11-04T13:10:37.066Z,0.0619,1.4957,0.3608
2024-11-04T13:10:37.079Z,0.0977,1.4197,0.2521
2024-11-04T13:10:37.095Z,0.0977,1.4197,0.2521
2024-11-04T13:10:37.103Z,0.0977,1.4197,0.2521
2024-11-04T13:10:37.107Z,0.1406,1.348,0.213
2024-11-04T13:10:37.117Z,0.2641,1.2344,0.1509
2024-11-04T13:10:37.129Z,0.4093,1.1892,0.0279
2024-11-04T13:10:37.138Z,0.4597,1.1858,-0.0403
2024-11-04T13:10:37.148Z,0.4808,1.1825,-0.101
2024-11-04T13:10:37.157Z,0.4808,1.1825,-0.101
2024-11-04T13:10:37.166Z,0.4547,1.1839,-0.1436
2024-11-04T13:10:37.178Z,0.3019,1.1069,-0.1291
2024-11-04T13:10:37.188Z,0.1945,1.0487,-0.0796
2024-11-04T13:10:37.196Z,0.1945,1.0487,-0.0796
2024-11-04T13:10:37.206Z,0.0579,1.0164,-0.0196
2024-11-04T13:10:37.218Z,-0.2422,1.0065,0.0889
2024-11-04T13:10:37.228Z,-0.3684,1.0169,0.1113
2024-11-04T13:10:37.238Z,-0.4593,1.0366,0.099
2024-11-04T13:10:37.247Z,-0.4593,1.0366,0.099
2024-11-04T13:10:37.258Z,-0.5228,1.0248,0.0637
2024-11-04T13:10:37.268Z,-0.6263,1.023,0.0208
2024-11-04T13:10:37.279Z,-0.6704,1.0746,0.0359
2024-11-04T13:10:37.288Z,-0.6964,1.0794,0.0651
2024-11-04T13:10:37.298Z,-0.7059,1.0389,0.0615
2024-11-04T13:10:37.308Z,-0.6993,1.0295,0.0399
2024-11-04T13:10:37.318Z,-0.682,1.0361,0.0079
2024-11-04T13:10:37.328Z,-0.6214,1.1063,-0.0416
2024-11-04T13:10:37.338Z,-0.4599,1.2028,-0.08
2024-11-04T13:10:37.348Z,-0.1777,1.3089,-0.093
2024-11-04T13:10:37.358Z,0.187,1.386,-0.0802
2024-11-04T13:10:37.368Z,0.5123,1.3252,-0.0559
2024-11-04T13:10:37.378Z,0.7105,1.1574,-0.0426
2024-11-04T13:10:37.388Z,0.7296,0.9867,-0.0202
2024-11-04T13:10:37.396Z,0.7296,0.9867,-0.0202
2024-11-04T13:10:37.408Z,0.364,0.8245,0.0322
2024-11-04T13:10:37.418Z,0.1395,0.7703,0.0377
2024-11-04T13:10:37.430Z,0.0045,0.698,0.0375
2024-11-04T13:10:37.438Z,0.0078,0.5891,0.0512
2024-11-04T13:10:37.446Z,0.0078,0.5891,0.0512
2024-11-04T13:10:37.458Z,0.2025,0.3182,0.0598
2024-11-04T13:10:37.468Z,0.2311,0.2101,0.055
2024-11-04T13:10:37.478Z,0.1553,0.1482,0.0409
2024-11-04T13:10:37.488Z,0.0404,0.0912,0.0284
2024-11-04T13:10:37.498Z,-0.0611,0.0495,0.024
2024-11-04T13:10:37.508Z,-0.0933,0.0314,0.0229
2024-11-04T13:10:37.519Z,-0.0662,0.0258,0.0257
2024-11-04T13:10:37.528Z,-0.0259,0.0053,0.0163
2024-11-04T13:10:37.538Z,-0.0061,-0.0234,0.0082
2024-11-04T13:10:37.548Z,-0.011,-0.0537,0.0071
2024-11-04T13:10:37.558Z,-0.0257,-0.0858,0.0054
2024-11-04T13:10:37.566Z,-0.0257,-0.0858,0.0054
2024-11-04T13:10:37.578Z,-0.0304,-0.1158,0.0047
2024-11-04T13:10:37.588Z,-0.0221,-0.1063,0.0027
2024-11-04T13:10:37.600Z,-0.0161,-0.0911,0.0006
2024-11-04T13:10:37.608Z,-0.0127,-0.0547,-0.0029
2024-11-04T13:10:37.618Z,-0.0072,-0.0199,-0.0067
2024-11-04T13:10:37.628Z,-0.0161,-0.0056,-0.0117
2024-11-04T13:10:37.638Z,-0.028,0.0047,-0.0171
2024-11-04T13:10:37.648Z,-0.0397,0.0233,-0.0231
2024-11-04T13:10:37.658Z,-0.0456,0.0656,-0.0331
2024-11-04T13:10:37.668Z,-0.0487,0.121,-0.0382
2024-11-04T13:10:37.678Z,-0.0395,0.2551,-0.0291
2024-11-04T13:10:37.688Z,0.0039,0.2526,-0.0026
2024-11-04T13:10:37.698Z,0.0418,0.0378,-0.0207
2024-11-04T13:10:37.708Z,0.0306,-0.1547,-0.0068
2024-11-04T13:10:37.718Z,-0.0289,-0.2512,0.0083
2024-11-04T13:10:37.728Z,-0.0868,-0.2621,-0.0096
2024-11-04T13:10:37.738Z,-0.1073,-0.2519,-0.0266
2024-11-04T13:10:37.748Z,-0.079,-0.214,-0.0195
2024-11-04T13:10:37.758Z,-0.0384,-0.075,-0.0032
2024-11-04T13:10:37.768Z,-0.0059,0.1029,0.0113
2024-11-04T13:10:37.778Z,0.0134,0.2008,0.0092
2024-11-04T13:10:37.788Z,0.023,0.1861,0.0091
2024-11-04T13:10:37.798Z,0.0279,0.0884,0.0106
2024-11-04T13:10:37.808Z,0.0195,-0.0235,0.0088
2024-11-04T13:10:37.818Z,0.0023,-0.0762,0.0009
2024-11-04T13:10:37.828Z,-0.0197,-0.0608,-0.0014
2024-11-04T13:10:37.838Z,-0.0273,-0.012,0.0019
2024-11-04T13:10:37.848Z,-0.0141,0.0328,0.0038
2024-11-04T13:10:37.857Z,0.0042,0.0459,0.0061
2024-11-04T13:10:37.868Z,0.0191,0.0298,0.0077
2024-11-04T13:10:37.878Z,0.02,0.0099,0.0036
2024-11-04T13:10:37.888Z,0.008,-0.0081,0.0023
2024-11-04T13:10:37.898Z,-0.0028,-0.0078,0.0032
2024-11-04T13:10:37.908Z,-0.0116,0.0021,0.0035
2024-11-04T13:10:37.918Z,-0.0105,0.0168,0.0055
2024-11-04T13:10:37.927Z,-0.0015,0.0208,0.0048
2024-11-04T13:10:37.938Z,0.0085,0.0161,0.0057
2024-11-04T13:10:37.948Z,0.0139,0.0053,0.0037
2024-11-04T13:10:37.958Z,0.0116,-0.0002,0.0042
2024-11-04T13:10:37.969Z,0.0009,0.0071,0.0042
2024-11-04T13:10:37.977Z,-0.0043,0.0131,0.0051
2024-11-04T13:10:37.987Z,-0.0067,0.0138,0.0028
2024-11-04T13:10:37.998Z,-0.0067,0.0138,0.0028
2024-11-04T13:10:38.007Z,0.0053,0.0043,0.0037
2024-11-04T13:10:38.017Z,0.0092,0.0063,0.0047
2024-11-04T13:10:38.028Z,0.0061,0.0114,0.0036
2024-11-04T13:10:38.037Z,0.0032,0.0119,0.0032
2024-11-04T13:10:38.048Z,0.0013,0.0103,0.0032
2024-11-04T13:10:38.057Z,0.0009,0.0091,0.0028
2024-11-04T13:10:38.068Z,0.0022,0.0073,0.0032
2024-11-04T13:10:38.077Z,0.0056,0.0059,0.0036
2024-11-04T13:10:38.088Z,0.0068,0.0086,0.0033
2024-11-04T13:10:38.098Z,0.0055,0.0109,0.0044
2024-11-04T13:10:38.107Z,0.0035,0.0115,0.0067
2024-11-04T13:10:38.118Z,0.0016,0.013,0.0051
2024-11-04T13:10:38.127Z,0.0008,0.0087,0.0035
2024-11-04T13:10:38.138Z,0.0009,0.0068,0.0044
2024-11-04T13:10:38.149Z,0.0031,0.0074,0.0059
2024-11-04T13:10:38.157Z,0.0033,0.0093,0.0046
2024-11-04T13:10:38.167Z,0.0034,0.0117,0.0047
2024-11-04T13:10:38.178Z,0.0012,0.0066,0.003
2024-11-04T13:10:38.187Z,0.001,0.0076,0.0057
2024-11-04T13:10:38.198Z,0.0022,0.0069,0.005
2024-11-04T13:10:38.207Z,0.0086,0.0097,0.004
2024-11-04T13:10:38.217Z,0.0134,0.0117,0.0051
2024-11-04T13:10:38.227Z,0.0094,0.0096,0.0032
2024-11-04T13:10:38.237Z,0.0028,0.0065,0.0031
2024-11-04T13:10:38.247Z,-0.0013,0.0034,0.0013
2024-11-04T13:10:38.257Z,0.0039,0.0011,0.0032
2024-11-04T13:10:38.267Z,0.0117,0.0027,0.0032
2024-11-04T13:10:38.278Z,0.0117,0.0027,0.0032
2024-11-04T13:10:38.288Z,0.0231,0.0029,0.0065
2024-11-04T13:10:38.297Z,0.02,0.002,0.0043
2024-11-04T13:10:38.307Z,0.0174,0.004,-0.0002
2024-11-04T13:10:38.317Z,0.0169,-0.0012,0.0012
2024-11-04T13:10:38.328Z,0.0206,-0.0064,0.0024
2024-11-04T13:10:38.337Z,0.0224,-0.0124,0.002
2024-11-04T13:10:38.347Z,0.0262,-0.0119,0.0044
2024-11-04T13:10:38.358Z,0.0302,-0.0076,0.0048
2024-11-04T13:10:38.368Z,0.0364,-0.0015,0.0059
2024-11-04T13:10:38.377Z,0.0409,-0.001,0.0022
2024-11-04T13:10:38.387Z,0.0435,-0.0092,0.0047
2024-11-04T13:10:38.397Z,0.0481,-0.0207,0.001
2024-11-04T13:10:38.408Z,0.0517,-0.0226,0.0033
2024-11-04T13:10:38.417Z,0.0518,-0.019,0.0003
2024-11-04T13:10:38.428Z,0.048,-0.0128,0.0045
2024-11-04T13:10:38.437Z,0.0369,-0.0043,0.0037
2024-11-04T13:10:38.447Z,0.028,-0.0056,0.0072
2024-11-04T13:10:38.458Z,0.0229,-0.0059,0.0086
2024-11-04T13:10:38.467Z,0.0264,-0.004,0.0072
2024-11-04T13:10:38.478Z,0.0288,0.0037,0.0054
2024-11-04T13:10:38.487Z,0.0301,0.0016,0.0062
2024-11-04T13:10:38.498Z,0.0273,0.0023,0.0049
2024-11-04T13:10:38.508Z,0.0238,-0.0034,0.0035
2024-11-04T13:10:38.517Z,0.0156,-0.0021,0.0021
2024-11-04T13:10:38.528Z,0.0214,-0.0086,0.0031
2024-11-04T13:10:38.538Z,0.0345,-0.0208,0.0036
2024-11-04T13:10:38.547Z,0.0524,-0.03,0.0052
2024-11-04T13:10:38.557Z,0.0646,-0.0313,0.0066
2024-11-04T13:10:38.568Z,0.0632,-0.0204,0.0057
2024-11-04T13:10:38.578Z,0.039,0.003,0.007
2024-11-04T13:10:38.588Z,-0.0126,0.0447,0.0042
2024-11-04T13:10:38.598Z,-0.0701,0.0705,0.0062
2024-11-04T13:10:38.607Z,-0.0718,0.0479,0.0052
2024-11-04T13:10:38.617Z,-0.0354,0.0065,0.0023
2024-11-04T13:10:38.628Z,0.0098,-0.0232,0.0045
2024-11-04T13:10:38.638Z,0.0444,-0.0211,0.0015
2024-11-04T13:10:38.648Z,0.0539,-0.0008,0.0025
2024-11-04T13:10:38.657Z,0.0391,0.0209,0.0026
2024-11-04T13:10:38.668Z,0.0084,0.0288,0.0042
2024-11-04T13:10:38.677Z,-0.0212,0.0237,0.0029
2024-11-04T13:10:38.687Z,-0.0392,0.0075,0.0031
2024-11-04T13:10:38.697Z,-0.0309,-0.0068,0.0019
2024-11-04T13:10:38.708Z,-0.0068,-0.0041,0.0047
2024-11-04T13:10:38.718Z,0.0206,0.006,0.002
2024-11-04T13:10:38.728Z,0.0251,0.025,0.0042
2024-11-04T13:10:38.738Z,0.0159,0.0289,0.0016
2024-11-04T13:10:38.748Z,-0.0023,0.0209,0.0024
2024-11-04T13:10:38.758Z,-0.0153,0.0046,0.0033
2024-11-04T13:10:38.767Z,-0.0179,-0.003,0.0026
2024-11-04T13:10:38.778Z,-0.0112,0.0068,0.0024
2024-11-04T13:10:38.788Z,0.0027,0.0173,0.0023
2024-11-04T13:10:38.797Z,0.0071,0.0221,0.0017
2024-11-04T13:10:38.808Z,0.0038,0.0183,0.0032
2024-11-04T13:10:38.817Z,-0.0033,0.0096,0.0032
2024-11-04T13:10:38.828Z,-0.0121,0.005,0.0023
2024-11-04T13:10:38.837Z,-0.0128,0.0102,0.0043
2024-11-04T13:10:38.847Z,-0.009,0.0153,0.0051
2024-11-04T13:10:38.858Z,-0.0071,0.0154,0.004
2024-11-04T13:10:38.868Z,0.0015,0.0138,0.0034
2024-11-04T13:10:38.877Z,0.001,0.0154,0.0056
2024-11-04T13:10:38.888Z,-0.0045,0.0138,0.0033
2024-11-04T13:10:38.897Z,-0.0106,0.0128,0.001
2024-11-04T13:10:38.907Z,-0.0135,0.0135,-0.001
2024-11-04T13:10:38.918Z,-0.0091,0.0086,0.0041
2024-11-04T13:10:38.928Z,-0.0068,0.0095,0.0037
2024-11-04T13:10:38.937Z,0.0008,0.0119,0.0019
2024-11-04T13:10:38.947Z,0.003,0.0123,0.0011
2024-11-04T13:10:38.958Z,0.0014,0.0134,0.0031
2024-11-04T13:10:38.968Z,0.0003,0.0083,0.0043
2024-11-04T13:10:38.977Z,0.0016,0.0011,0.0032
2024-11-04T13:10:38.987Z,0.0077,0.0052,0.0044
2024-11-04T13:10:38.997Z,0.0096,0.0099,0.0067
2024-11-04T13:10:39.007Z,0.0092,0.0139,0.0038
2024-11-04T13:10:39.017Z,0.0085,0.0101,0.0039
2024-11-04T13:10:39.026Z,0.008,0.0074,0.0036
2024-11-04T13:10:39.037Z,0.0035,0.0051,0.0049
2024-11-04T13:10:39.047Z,0.0001,0.0065,0.0036
2024-11-04T13:10:39.057Z,0.0033,0.0071,0.0033
2024-11-04T13:10:39.068Z,0.0092,0.0042,0.0047
2024-11-04T13:10:39.078Z,0.0192,0.0023,0.0056
2024-11-04T13:10:39.088Z,0.0191,0.0052,0.0049
2024-11-04T13:10:39.097Z,0.0191,0.0052,0.0049
2024-11-04T13:10:39.107Z,0.0062,0.0088,0.0027
2024-11-04T13:10:39.117Z,0.0012,0.0091,0.0064
2024-11-04T13:10:39.127Z,-0.0039,0.0089,0.0032
2024-11-04T13:10:39.137Z,-0.0009,0.0082,0.003
2024-11-04T13:10:39.147Z,0.004,0.0053,0.003
2024-11-04T13:10:39.158Z,0.0091,0.0061,0.0053
2024-11-04T13:10:39.167Z,0.011,0.0074,0.0047
2024-11-04T13:10:39.176Z,0.008,0.0104,0.0018
2024-11-04T13:10:39.187Z,0.0053,0.0121,0.0056
2024-11-04T13:10:39.197Z,0.0061,0.0089,0.005
2024-11-04T13:10:39.207Z,0.0023,0.006,0.0038
2024-11-04T13:10:39.217Z,0.0017,0.0043,0.003
2024-11-04T13:10:39.227Z,0.0045,0.0089,0.0046
2024-11-04T13:10:39.236Z,0.0024,0.0122,0.0036
2024-11-04T13:10:39.247Z,0.0045,0.0109,0.0033
2024-11-04T13:10:39.258Z,0.0082,0.007,0.0027
2024-11-04T13:10:39.267Z,0.0087,0.004,0.0053
2024-11-04T13:10:39.277Z,0.0078,0.0072,0.0066
2024-11-04T13:10:39.286Z,0.0064,0.0108,0.0051
2024-11-04T13:10:39.297Z,0.0041,0.0094,0.0061
2024-11-04T13:10:39.307Z,0.0025,0.007,0.0041
2024-11-04T13:10:39.317Z,0.0055,0.0069,0.0051
2024-11-04T13:10:39.327Z,0.0091,0.0055,0.0052
2024-11-04T13:10:39.337Z,0.011,0.0082,0.0046
2024-11-04T13:10:39.347Z,0.0121,0.0079,0.0049
2024-11-04T13:10:39.357Z,0.0127,0.0076,0.0027
2024-11-04T13:10:39.367Z,0.0113,0.0052,0.0047
2024-11-04T13:10:39.377Z,0.009,0.0048,0.0045
2024-11-04T13:10:39.387Z,0.0106,0.0003,0.0052
2024-11-04T13:10:39.397Z,0.01,0.0027,0.0045
2024-11-04T13:10:39.407Z,0.0095,0.0082,0.0046
2024-11-04T13:10:39.417Z,0.0135,0.0115,0.0065
2024-11-04T13:10:39.427Z,0.0082,0.0098,0.0057
2024-11-04T13:10:39.437Z,0.0058,0.0099,0.0035
2024-11-04T13:10:39.446Z,0.0024,0.0064,0.0034
2024-11-04T13:10:39.457Z,-0.0014,0.0083,0.0028
2024-11-04T13:10:39.466Z,-0.0038,0.0126,0.0032
2024-11-04T13:10:39.477Z,-0.0066,0.0152,0.0046
2024-11-04T13:10:39.488Z,-0.0008,0.0079,0.0044
2024-11-04T13:10:39.499Z,0.1275,-0.1282,-0.0031
2024-11-04T13:10:39.507Z,0.2339,-0.2032,0.0001
2024-11-04T13:10:39.517Z,0.1722,-0.0815,-0.0008
2024-11-04T13:10:39.527Z,-0.0098,0.1129,0.0072
2024-11-04T13:10:39.537Z,-0.1691,0.1954,0.0107
2024-11-04T13:10:39.547Z,-0.2119,0.146,0.0098
2024-11-04T13:10:39.557Z,-0.1536,0.0461,0.0038